id,name
428090,Hazumi and the Pregnation
58781,The Elder Scrolls VI
964507,Geometry Dash RazorLeaf
830060,Sonic Triple Trouble 16-Bit (NoahNCopeland)
484878,ATRI -My Dear Moments
53962,Gimmick!
53594,Super Robot Taisen: Original Generation
43252,The Witcher 3: Wild Hunt – Blood and Wine
257255,The Witcher 3 Wild Hunt - Complete Edition
43050,The Witcher 3: Wild Hunt – Hearts of Stone
816336,Desert Stalker (2022)
339958,Persona 5 Royal
4167,Mass Effect Trilogy
605544,Bloodborne: The Old Hunters
730087,Hellversus
517295,Adventure Island IV
479764,FNaF: Running in the 80's - FNaF Fan-Game
379563,Guilty Parade
74051,Red Ball 4 (Ad Supported)
67281,Arcaea
41975,Victoria 2: Heart of Darkness
37454,Astral Masters
32433,Starlancer
29672,Majesty: The Northern Expansion
27612,Harvest Moon: Friends of Mineral Town (Wii)
13370,Red Rope: Don't Fall Behind
111,Forgotten Memories: Remastered Edition
3636,The Last Of Us Remastered
536886,The Binding of Isaac: Repentance
988811,Drova - Forsaken Kin
968414,ARK: Survival Ascended
836592,Red Matter 2
717427,Athanasy
692717,Death Palette
664425,Outlast Mobile Demo
560112,Firey's Candy Bar Adventure Remade (A BFDI game.)
521769,One Night at Flumpty's
505805,Shoot Shoot My Waifu
463689,siren head simulator (mr bonnie)
409572,Nekketsu Kakutou Densetsu
358964,Project M
330399,Liero
302820,Shinobido: Way of the Ninja
281857,Sengoku Basara 2
268300,Shining Force III
221967,Modern Strike Online: PRO FPS!
90776,Hello Charlotte EP2: Requiem Aeternam Deo
65161,Fallen Hero: Rebirth
61256,Superfighters Deluxe
58972,Jump Ultimate Stars
55157,Turrican
49840,Dominions 5 - Warriors of the Faith
40828,Starsector
38816,Gemfire
31564,Ballistics
30394,Princess Maker 2
5821,Attack the Light - Steven Universe Light RPG
799265,The Last of Us Part I
545015,Disco Elysium: Final Cut
983210,Clair Obscur: Expedition 33
55194,Virtua Racing
3328,The Witcher 3: Wild Hunt
385406,Dark Souls III: The Ringed City
795632,Resident Evil 4
356090,WorldBox - Sandbox God Simulator
300686,MegaMan Zero 3
58823,Splatoon 2: Octo Expansion
54022,Rockin' Kats
52311,Mario & Luigi: Bowser's Inside Story + Bowser Jr's Journey
41658,Metal Gear Rising: Revengeance - Jetstream Sam
22823,POD Gold
22730,Disciples II Gold
979542,Minishoot' Adventures
972785,Beyond Good & Evil - 20th Anniversary Edition
965869,The Genesis Order
244713,Fragile Dreams : Farewell Ruins of the Moon
38972,The Jolly Gang's Spooky Adventure
35221,Gothic 2: Night of the Raven
669328,Deltarune: Chapter 2
638650,Ghost of Tsushima Director's Cut
378578,Grand Theft Auto IV: Complete Edition
42180,The Elder Scrolls V: Skyrim Legendary Edition
38946,StarСraft II: Legacy of the Void
32038,Age of Empires II: The Conquerors
4200,Portal 2
28,Red Dead Redemption 2
762725,FNAF SANDBOX
743549,What a Legend!
54036,Shatterhand
38945,StarCraft II: Heart of the Swarm
38067,StarCraft II: Wings of Liberty
24182,The Legend of Zelda: Twilight Princess HD
968497,Quake II: Enhanced Edition
960412,Lil' Guardsman
932677,OCTOPATH TRAVELER II
761050,One Night At Shrek's Hotel
546569,Duskwood -Detective & Criminal
516111,Mass Effect: Legendary Edition
331466,Project Gotham Racing 2
311785,A Hat in Time - Nyakuza Metro
269332,Devil Kings
58919,Dai Gyakuten Saiban 2: Naruhodō Ryūnosuke no Kakugo (Ace Attorney)
56243,Tom and Jerry in War of the Whiskers
55161,Volfied (1989)
53339,Jackie Chan Adventures
53099,Lunar: Silver Star Story Complete
31592,Sub Culture
29481,MechCommander
28013,Yo-kai Watch 2: Fleshy Souls
27975,The Legend of Zelda: The Wind Waker HD
24277,Aliens: Infestation
22594,planetarian HD
1929,The Enchanted Cave 2
989140,God of War Ragnarök
974379,DRAGON BALL: Sparking! ZERO
826890,shapez
419292,I Wanna Be the Boshy
376913,Day of Dragons
334819,Midnight Club 3: DUB Edition Remix
305984,Rush Rally 3
300684,MegaMan Zero
257189,StarCraft: Brood War
232225,Online Soccer Manager (OSM)
74599,Hide Online - Hunters vs Props
34744,Warcraft 3: The Frozen Throne
32975,AirXonix
31247,Wing Commander 2: Vengeance of the Kilrathi
30265,The Typing of the Dead
18736,Flowers -Le volume sur printemps
854345,HYPER DEMON
748459,Inner Bimbo
743538,Aurelia
58175,God of War (2018)
53917,Little Samson
27969,The Legend of Zelda: Ocarina of Time 3D
5180,Mega Man Maverick Hunter X
857611,Afterimage
650649,Outer Wilds - Echoes of the Eye
241045,Valkyrie Profile 2: Silmeria
53266,Drill Dozer
30142,Heroes of Might and Magic 3: Armageddon's Blade
28581,The Orange Box
25823,Dragon Quest V: Hand of the Heavenly Bride
9819,Shovel Knight: Specter of Torment
3990,The Last Of Us
979446,Felvidek
977470,Elden Ring: Shadow of the Erdtree
967102,Unicorn Overlord
850683,Octopath Traveler 2
514887,Brutal Doom
320356,Kingdom Hearts II Final Mix
254545,Cuphead: The Delicious Last Course
59315,Ace Combat 5: The Unsung War
37854,The Elder Scrolls 4: Shivering Isles
32028,Heroes of Might and Magic 3: The Shadow of Death
1452,Phoenix Wright: Ace Attorney Trilogy
427620,Max Payne (RU)
57552,Top Gear
59199,Divinity: Original Sin 2 - Definitive Edition
4416,Shin Megami Tensei: Persona 3 FES
1000574,Mario Kart World
989331,Legacy of Kain™ Soul Reaver 1&2 Remastered
981609,Crow Country
748486,Poke Abby
602357,The Great Ace Attorney Chronicles
574281,toca life world
525682,Quiplash 2 Interlashional: The Say Anything Party Game!
494495,Welcome to Elk
490413,Poker Club
484923,The Citadel
482570,Wrapper Offline (MEGA)
468711,Gacha Club Studio
428353,Sisterly Lust
427809,love wish 2
400292,Zone of the Enders 2: The Second Runner
362855,Ostriv
341577,Mahjong Titans (Microsoft)
330813,Rune Factory 3: A Fantasy Harvest Moon
330703,Last Window: The Secret of Cape West
319108,Gravity Defied: Trial Racing
307153,Donkey Kong (1994)
301551,Tactical Breach Wizards
275691,Trainz Railroad Simulator 2019
58287,Psychedelica of the Black Butterfly
57182,Sparkster: Rocket Knight Adventures 2
52200,Cheapshot
46044,PetriDish.pw
31442,X-Tension
31339,The Incredible Machine Version 3.0
31106,Fury of the Furries
30965,Pang
29881,Seven Kingdoms
29143,Ninja Gaiden Black
27985,Skylanders SuperChargers
27466,THEATRHYTHM FINAL FANTASY CURTAIN CALL
23006,Outlaws + A Handful of Missions
22685,Heroes of Might and Magic 3: Complete
16606,G-senjou no Maou - The Devil on G-String
12203,Pocket Kingdom
10321,Racket: Nx
4948,Gladiator Begins
4528,DARKSTALKERS
4265,Persona 3 Portable
4136,Disgaea: Hour of Darkness
3957,Capcom vs. SNK 2: Mark of the Millennium 2001
1524,Love You To Bits
883,The Greedy Cave
416,Grand Theft Auto: San Andreas
140,Sky Force 2014
97,Dungeon Hunter 4
868086,Silent Hill 2
394392,Mass Effect 2: Lair of the Shadow Broker
22511,The Legend of Zelda: Breath of the Wild
13536,Portal
2462,Uncharted 4: A Thief’s End
1314,BioShock: The Collection
972403,The Last of Us Part II Remastered
646324,Lust Theory Season 1
392459,Shovel Knight: Shovel of Hope
57994,WWF SmackDown! 2: Know Your Role
53322,Harvest Moon: Friends of Mineral Town
51610,Dark Souls: Remastered
42405,Kingdom Hearts HD 2.5 ReMIX
35522,Scratches
27513,Mighty Final Fight
600553,Pokemon Fire-Red (AceDragon1612)
59149,Shadow of Rome
52248,FoxTail
38218,World of Warcraft: Wrath of the Lich King
30445,Warcraft 3: Reign of Chaos
23958,Metroid Prime: Trilogy
23861,Street Fighter II Turbo: Hyper Fighting
19709,Half-Life 2: Episode Two
12447,The Elder Scrolls V: Skyrim Special Edition
4586,Odin Sphere
3137,UNCHARTED The Nathan Drake Collection
2518,Max Payne
1111,METAL GEAR SOLID V: THE DEFINITIVE EXPERIENCE
727447,Orc Massage
593230,Portal Reloaded
586172,Red Falls Season 1
385404,Super Bomberman 4
334150,I Spy Spooky Mansion
324997,Baldur's Gate III
57175,Skitchin'
47521,Hotline Miami Collection
42957,Final Fantasy XIV: Heavensward
36609,Wobbles
33833,Santa Claus in Trouble
29653,The Elder Scrolls 3: Tribunal
23165,Mario Kart 8 Deluxe
22647,"Legend of Kyrandia: Hand of Fate, The (Book Two)"
21974,The Legend of Heroes: Trails in the Sky the 3rd
21056,Hylics
12953,"Spy Fox 3 ""Operation Ozone"""
11498,The Legend of Heroes: Trails in the Sky SC
10182,X-Plane 11
4723,Prince of Persia Classic Trilogy HD
430,Grand Theft Auto: Vice City
192,Battleheart
116,SHADOWGUN
988068,I Am Your Beast
984633,Dota
982005,Lorelei and the Laser Eyes
965927,Corrupting The Universe
802435,Final Fantasy VII Rebirth
736214,Euphoria (2011)
668019,Catto Boi: The Quest for the Frozen Tuna
602645,Friday Night Funkin' Mid-fight-Masses
565705,friday night funkin ps4 edition
483823,sonic.exe spirits of hell
442851,Samurai Pizza Cats
408307,Tabou Stories
404473,The Sims 4: Cats & Dogs
394092,Bemuzed
388402,Meridian 157: Chapter 1
382615,Squid Game (itch)
364815,GRANDIA HD Remaster
356889,KoGaMa
355198,Strike Force Heroes
352757,Run Minerva Run 2: Run Harder
323075,SpaceEngine
316942,My Little Angel
304177,Hatsune Miku: Project DIVA Extend
274755,Hades
249946,Haunting Ground
238760,Stay Out of the House
90195,Ravenfield (Beta 5)
74184,Onmyoji Arena
57936,Super Robot Taisen: Original Generation 2
57105,Monster World IV (1994)
56229,Super Monkey Ball
55595,Quest for Glory: So You Want to Be a Hero
54667,JoJo's Bizarre Adventure
54347,Beetle Adventure Racing
53432,Ultimate Mortal Kombat 3
37042,The Secrets of Da Vinci: The Forbidden Manuscript
31022,DX-Ball 2
30054,Sex
28199,Ori and the Will of the Wisps
28026,Super Mario Odyssey
23742,The Binding of Isaac: Afterbirth+
22761,Knights and Merchants: The Peasants Rebellion
22509,Minecraft
22412,Ultimate Doom
19635,Fable: The Lost Chapters
10759,Marmoset Hexels 2
5563,Fallout: New Vegas
5389,BUZZ! Junior: Jungle Party
4186,Persona 4 Golden
4181,DOOM Classic Complete
2906,Mutant Fridge Mayhem - Gumball
1279,Cataclysm: Dark Days Ahead
923014,Metroid Prime Remastered
501024,Lichess
494384,God of War: Ragnarök
489511,Just Fights & Beats
485119,Fetish Locator Week One - Extended Edition
305883,HUMAN FALL FLAT!
282820,Road Rash 3
281853,Ib
113780,Vintage Story
90560,ANATOMY
80251,Cube Escape: Birthday
58346,Secret of Evermore
57475,Secret of Mana (1993)
56045,F-Zero GX
54389,Extreme-G 2
53460,Phoenix Wright: Ace Attorney − Justice for All
41325,The Jolly Gang's Misadventures in Africa
38331,Space Rangers 2: Reboot
36850,World of Warcraft: The Burning Crusade
31222,Emperor: Battle for Dune
30527,The Pink Panther Passport to Peril
28568,Assassin's Creed II
27959,Rhythm Heaven Megamix
27038,Dragon Quest IX: Sentinels of the Starry Skies
25464,Harvest Moon DS
25091,Hotel Dusk: Room 215
24818,Contra 4
23772,Advance Wars 2: Black Hole Rising
19654,Samurai Gunn
17959,Ori and the Blind Forest: Definitive Edition
17692,We Know the Devil
15121,Higurashi When They Cry Hou - Ch.2 Watanagashi
10188,Higurashi When They Cry Hou - Ch. 5 Meakashi
5679,The Elder Scrolls V: Skyrim
5351,Pursuit Force: Extreme Justice
4544,Red Dead Redemption
3946,Metal Gear Solid: The Legacy Collection
1009,Batman: Return to Arkham
982817,Astro Bot
743568,Alps and Dangerous Forests
598872,Shadow Tactics: Blades of the Shogun - Aiko's Choice
510042,Dark Souls: Artorias of the Abyss
494369,Metal Gear Solid 3: Subsistence
428561,Your Turn To Die : Death game by Majority
257281,Kara no Shojo
59011,Myst III: Exile
58968,Club Penguin
58550,Ghost of Tsushima
57944,Tony Hawk's Pro Skater
57509,Super Bomberman 3
56124,Metroid Prime 2: Echoes
54167,Zen: Intergalactic Ninja
53748,Chip 'n Dale Rescue Rangers 2
53473,"Pokémon FireRed, LeafGreen"
52765,Bushido Blade 2
52201,Yakuza 6: The Song of Life
51325,The Last of Us Part II
39475,Marvel vs. Capcom 2: New Age of Heroes
39405,Ratchet and Clank: A Crack in Time
37194,Devil May Cry 3: Dante's Awakening Special Edition
35351,The Lord of the Rings: The Battle for Middle-earth
34729,Silent Storm
34651,Jurassic Park: Operation Genesis
32419,FIFA '98: Road to World Cup
28623,Batman: Arkham City
28224,Burnout 3: Takedown
26047,Muramasa: The Demon Blade
23914,Golden Sun: The Lost Age
22642,Mortal Kombat 1+2+3
17492,Higurashi When They Cry Hou - Ch.3 Tatarigoroshi
9767,Hollow Knight
8771,Cube Escape: Theatre
3387,Bloodborne
839,Assassin’s Creed The Ezio Collection
175,Infinity Blade III
997552,Lies of P: Overture
945034,Slay the Princess
736257,Xenoblade Chronicles 3
613493,Metro Exodus: Enhanced Edition
558975,Splatoon 3
542349,Grown-Up Titans ( Teen Titans)
510043,Impostor Factory
428741,Ultrakill
397507,STEINS;GATE: My Darling's Embrace
363923,Skyscrappersim (BENO edition)
327239,The Legend of Zelda: Tears of the Kingdom
326243,Elden Ring
292851,Shadow Hearts
274757,Sayonara Wild Hearts
260225,Gacha Life
254542,Horizon Zero Dawn: The Frozen Wilds
251485,Downhill Domination
74914,Dan The Man
61536,CHRONO TRIGGER (HD)
59184,Kingdom Hearts
57179,Sonic the Hedgehog 3 (1994)
56941,Beyond Oasis
56204,Sonic Mega Collection
56184,Resident Evil 4 (2005)
56041,Eternal Darkness: Sanity's Requiem
55103,Rick Dangerous
54528,Super Mario 64
54515,Sin and Punishment - Successor of the Earth
54096,Teenage Mutant Ninja Turtles III: The Manhattan Project
54035,Shadowgate (1987)
53714,Battletoads & Double Dragon
53563,SSX Tricky
53562,SSX 3
53446,Need for Speed: Underground 2
53047,ISS Pro Evolution
52996,Gran Turismo 2
51434,Butterfly Soup
51247,LocoRoco 2
41680,Kingdom Hearts HD 1.5 ReMIX
39707,God of War II
39039,God of War III
38297,Outcry
37581,Cave Story: Doukutsu Monogatari
37363,WWII Battle Tanks: T-34 vs. Tiger
37186,Cars: The Video Game
37043,Urban Chaos: Riot Response
36065,TrackMania Sunrise
35904,Ricochet: Lost Worlds
35591,Moorhuhn Kart Extra
32595,Age of Empires II: Age of Kings
32506,Iji
31831,Xenon 2: Megablast
31620,Scorched Earth: The Mother of All Games
29593,Diablo
29562,Cleopatra
29539,Pharaoh
28571,Portal: Still Alive
27958,Advance Wars
27057,The Legend of Zelda: Link's Awakening (1993)
25449,Okami
24975,Castlevania: Dawn of Sorrow
24808,Dragon Ball Z: Budokai Tenkaichi 3
23916,Pandora's Tower
21357,Jagged Alliance 2 Gold
19598,Guild Wars Nightfall
17576,Batman: Arkham City - Game of the Year Edition
14976,Sonic 3 and Knuckles
13925,Prince of Persia: Warrior Within
13856,Katana ZERO
10389,Gothic II: Gold Edition
4583,God Hand
4439,Mass Effect 3
4428,Phineas and Ferb: Across the Second Dimension
4283,Ratchet & Clank: Up Your Arsenal
4123,Batman: Arkham Asylum
3482,Chess
2551,Dark Souls III
1602,ROME: Total War
654,Stardew Valley
591,Monument Valley
983381,Doom: The Dark Ages
964791,Like a Dragon Gaiden: The Man Who Erased His Name
961200,The Talos Principle 2
830039,Lost in Play
727318,Patrick's Parabox
727315,Ratchet & Clank: Rift Apart
479694,Inscryption
404446,Pokémon Yellow Version: Special Pikachu Edition
337607,Captain Claw
311655,Gran Turismo 3: A-Spec
234005,Orion Sandbox Enhanced
57799,Spyro: Year of the Dragon
57607,Metal Gear Solid
57539,Terranigma
57171,Shining Force II: The Ancient Seal
54392,F-Zero X
53969,New Ghostbusters II
53046,ISS Pro Evolution 2
52178,Dishonored Definitive Edition
51431,The Room 4: Old Sins
50839,Baba Is You
49872,Guild Wars 2: Path of Fire
45958,XCOM 2: War of the Chosen
38283,Guitar Hero III: Legends of Rock
37546,RapeLay
37110,OutRun 2006: Coast 2 Coast
36900,The Lord of the Rings: The Battle for Middle-earth 2
32624,RollerCoaster Tycoon 2
32554,Doom for Windows
31261,Age of Empires: The Rise of Rome
30766,Broken Sword 1 - The Shadow of the Templars
30490,Severance: Blade of Darkness
29642,Silent Hill 2 (2001)
29501,American McGee's Alice
27571,Donkey Kong Country
27519,Fire Emblem: The Blazing Blade
27418,The Legend of Zelda: The Minish Cap
27241,Shin Megami Tensei: Devil Summoner: Soul Hackers
27117,Rhythm Heaven Fever
26648,Top Spin 4
26492,Professor Layton and the Unwound Future
26316,"Pokémon HeartGold, SoulSilver"
26055,Mario and Luigi: Bowser's Inside Story
25198,Metroid Prime 3: Corruption
25178,Paper Mario (2000)
24792,Professor Layton and the Curious Village
24239,Pikmin 2
24033,Golden Sun
23755,Dragon Quest VIII: Journey of the Cursed King
23741,Monument Valley 2
22513,Uncharted 2: Among Thieves
22510,StarCraft II
19010,Freddi Fish 4: The Case of the Hogfish Rustlers of Briny Gulch
16018,Umineko When They Cry (Question Arc)
10511,Rocksmith 2014 Edition - Remastered
4639,Dragon Age: Origins
4535,Call of Duty 4: Modern Warfare
4531,Sly 2: Band of Thieves
4166,Mass Effect
4074,Hogs of War
1682,The Wolf Among Us
1450,INSIDE
42,What Remains of Edith Finch
985957,Kingdom Rush 5: Alliance TD
973399,World of Goo 2
968087,TELEFORUM
966589,Resident Evil 4 - Separate Ways
963212,Metaphor: ReFantazio
952122,Shogun Showdown
938007,PARANORMASIGHT: The Seven Mysteries of Honjo
889887,Burnhouse Lane
863783,Monster Prom 3: Monster Roadtrip
838087,Apocalust
801623,Cocoon
772603,Chants of Sennaar
736265,Fire Emblem Warriors: Three Hopes
734463,UCN for mac and windows
586199,FINAL FANTASY VII REMAKE INTERGRADE
578225,Siege of Avalon: Anthology
487916,Super Mario 3D World + Bowser’s Fury
485064,Tower and Sword of Succubus
470905,Astrocreep: Invasion!
452649,Resident Evil: Village
422859,NieR Replicant v1.22474487139...
418164,NIGHT OF THE CONSUMERS
400828,Everlasting Summer: Samantha
386491,Doom RPG
367037,東方紅魔郷 ～ Embodiment of Scarlet Devil
366855,Theatrhythm Final Fantasy: Curtain Call
355824,WildCraft: Animal Sim Online 3D
319190,Kindergarten 2
302304,Jet Set Radio Future
274758,The Stanley Parable: Ultra Deluxe
262382,Disco Elysium
259801,Final Fantasy VII
257192,Psychonauts 2
251796,Kiss of War
246761,FR LEGENDS
246464,Kunio-kun no Nekketsu Soccer League
66715,Love Live! School idol festival
59250,Suikoden V
59186,Time Crisis II
59154,La-Mulana 2
58918,Dai Gyakuten Saiban: Naruhodō Ryūnosuke no Bōken  (Ace Attorney)
58818,Tetris Effect
58777,DOOM Eternal
58223,Oddmar
58005,Xenogears (1998)
57846,Tenchu: Stealth Assassins
57540,Teenage Mutant Ninja Turtles IV: Turtles in Time
57518,Super Mario All-Stars (1993)
57398,The King of Dragons
56241,TimeSplitters: Future Perfect
56183,Resident Evil (2002)
56019,Def Jam: Fight for NY
55775,Battle City
54751,Soulcalibur
54715,Power Stone 2
53985,Panic Restaurant
53180,Castlevania: Aria of Sorrow
53089,The Legend of Dragoon
53032,International Superstar Soccer Deluxe
52971,Future Cop: LAPD
52884,DOOM
52372,"Pokémon Ruby, Sapphire, Emerald"
52174,Space Station 13
50734,Sekiro: Shadows Die Twice
44834,Coming Out on Top
43875,Homeworld: Emergence
41665,Spartan: Total Warrior
39448,Tag: The Power of Paint
37867,UEFA Champions League 2006-2007
37631,Ever 17: Out of Infinity
37130,Halo 2
36835,Bratz: Rock Angelz
34973,Command & Conquer: Generals - Zero Hour
34950,Age of Mythology: The Titans
32088,Freelancer
31744,Broken Sword 2 - The Smoking Mirror
31701,Airfix Dogfighter
31644,KISS Psycho Circus: The Nightmare Child
31397,Full Throttle
30014,Beach Life (Virtual Resort: Spring Break)
29413,Grim Fandango
28329,Fuzion Frenzy
27977,The Legend of Zelda: A Link Between Worlds
27968,Fire Emblem Awakening
27711,Metroid: Zero Mission
27030,Punch-Out!!
27015,The Legend of Zelda: Twilight Princess
26370,Picross 3D
25856,Pokémon Platinum
24904,Castlevania: Portrait of Ruin
24170,Donkey Kong Country Returns
24030,Super Mario Bros. 3
23762,"Pokémon Red, Blue, Yellow"
23458,SUPERHOT VR
22998,F.E.A.R. Platinum
22512,Diablo II
22121,Celeste
20709,Tom Clancy's Splinter Cell Chaos Theory
19710,Half-Life 2: Episode One
19590,Ori and the Blind Forest
18711,Drawn: The Painted Tower
18080,Half-Life
17975,DOOM II
17572,Batman: Arkham Asylum Game of the Year Edition
16023,The House in Fata Morgana
14935,Total War: Shogun 2 - Fall of the Samurai
11971,Space Rangers HD: A War Apart
10073,Divinity: Original Sin 2
9149,Soccer Stars
6820,Deemo
5542,Devil May Cry 3: Dante's Awakening
5163,Command & Conquer: Red Alert
4742,Parasite Eve
4570,Dead Space (2008)
4550,Dead Space 2
4248,Dishonored
4062,BioShock Infinite
3612,Hotline Miami
3594,Danganronpa 2: Goodbye Despair
3469,Metal Gear Solid 4: Guns of the Patriots
3341,The Misadventures of Tron Bonne
3156,Persona 4: Dancing All Night
2634,Bully
2454,DOOM (2016)
2175,GRANDIA III
1358,"Papers, Please"
1063,FINAL FANTASY VI
736,Swordigo
115,Zero Escape: The Nonary Games
980502,Kingdom Come: Deliverance II
975393,Indiana Jones and the Great Circle
891238,Hades II
681399,FINAL FANTASY XIV: Endwalker
667350,Deltarune (itch)
622495,Metroid Dread
580972,Alan Wake 2
392019,Half-Life: Alyx
366881,Little Nightmares II
362941,The Walking Dead: The Telltale Definitive Series
304247,A Short Hike
244700,OMORI
58959,Katawa Shoujo
58835,Yakuza Kiwami 2
58829,Super Smash Bros. Ultimate
58824,Xenoblade Chronicles 2: Torna ~ The Golden Country
58764,Outer Wilds
58753,Forza Horizon 4
57847,Tenchu 2: Birth of the Stealth Assassins
57842,Tekken 3
56976,Contra: Hard Corps
56222,Super Smash Bros. Melee
56123,Metroid Prime
56122,Metal Gear Solid: The Twin Snakes
56090,Kirby Air Ride
55984,Beyond Good & Evil
54757,Street Fighter III: 3rd Strike
53506,Rock n' Roll Racing
52939,Final Fantasy VII (1997)
52799,Chrono Cross
52623,Tetris (1984)
44120,StarCraft: Remastered
41128,Final Fantasy X
37378,Pro Evolution Soccer 6
35646,"Warhammer 40,000: Dawn of War"
32716,StarCraft
32707,Medieval: Total War
32186,Unreal Tournament
31495,Baldur's Gate
31014,The Neverhood
30745,Dune II: Battle For Arrakis
30282,"The Settlers 2: Veni, Vidi, Vici"
30245,Command & Conquer: Tiberian Sun
29537,MechWarrior 4: Mercenaries
28637,Forza Horizon
28154,Cuphead
28121,Slay the Spire
27976,Mario Kart 8
27974,Super Mario 3D World
27936,"Pokémon Gold, Silver"
27564,Donkey Kong Country 3: Dixie Kong's Double Trouble
27390,Metroid Fusion
27119,Metal Gear Solid Snake Eater 3D
25582,Kirby Super Star Ultra
25097,The Legend of Zelda: Ocarina of Time
23760,Bayonetta 2
19397,Vampire: The Masquerade - Bloodlines
15858,Star Wars: Knights of the Old Republic II – The Sith Lords
15002,The Stanley Parable
14962,Dark Souls: Prepare To Die Edition
13820,The Elder Scrolls III: Morrowind
13513,STEINS;GATE
13404,VA-11 Hall-A: Cyberpunk Bartender Action
10926,Factorio
10141,NieR:Automata
5703,Uncharted 3: Drake's Deception
4440,Deus Ex: Human Revolution
1616,The Battle of Polytopia
881,Forza Horizon 3
492,Yakuza 0
806954,The Case of the Golden Idol
796094,Max Payne 2 (RU)
748515,Violated Heroine
745498,Naruto: Kunoichi Trainer
662316,Marvel's Spider-Man 2
638654,Dead Space
630676,Judgment
579524,Before Your Eyes
558980,Neon White
484913,Mass Effect 3 N7 Digital Deluxe Edition
420000,Tiny Bunny
402501,The Lost World: Jurassic Park (1997)
383632,Tales From Off-Peak City Vol. 1
369157,Yakuza: Like a Dragon
364809,Tsukihime
333512,Fate/Stay Night
292842,The Legend of Zelda: Link's Awakening (2019)
249949,Shadow Hearts: Covenant
244879,Castlevania Requiem: Symphony of the Night & Rondo of Blood
244693,Ninja Gaiden (2004)
80171,Cube Escape: The Cave
64173,Hypnospace Outlaw
59167,PICROSS S2
58920,"999: Nine Hours, Nine Persons, Nine Doors"
58325,Beat Saber
58118,Mafia II: Director’s Cut
57967,Warcraft II: Tides of Darkness
57957,Vandal Hearts
57411,Disney's Magical Quest
57200,Ayrton Senna's Super Monaco GP II
56255,Viewtiful Joe 2
56230,Super Monkey Ball 2
56053,Fire Emblem: Path of Radiance
54729,Rez
54403,GoldenEye 007 (1997)
53812,The Flintstones: Surprise at Dinosaur Peak
53590,Super Puzzle Fighter II Turbo
53478,Silent Hill
53471,Phoenix Wright: Ace Attorney
53251,Donkey Kong Country 2: Diddy's Kong Quest
53029,Incredible Crisis
52949,Final Fantasy Tactics
52825,Crash Team Racing
52801,Civilization II
36013,Tony Hawk's Underground 2
35314,Silent Hill 3
34852,Lineage 2: The Chaotic Chronicle
34659,Tom Clancy's Rainbow Six 3: Raven Shield
31936,Pirates! Gold
30713,RollerCoaster Tycoon
30666,Command & Conquer: Red Alert 2 - Yuri's Revenge
30243,Deus Ex
29179,God of War I
28589,Halo 3
28510,Duke Nukem 3D
27392,Mario & Luigi: Superstar Saga
27022,Super Metroid
25637,Castlevania: Order of Ecclesia
25557,Super Mario RPG: Legend of the Seven Stars
25096,The Legend of Zelda: A Link to the Past
24899,Super Mario World
23875,Xenoblade Chronicles
23834,F-Zero X (Wii U)
23027,The Walking Dead: Season 1
22817,Dungeon Keeper 2
20156,The Beginner's Guide
18628,Arcanum: Of Steamworks and Magick Obscura
18122,Pixel Survival - Craft Game
16159,The Longest Journey
15859,Star Wars: Knights of the Old Republic
12130,RimWorld
10588,GameMaker Studio 2 Desktop
10579,Planescape: Torment: Enhanced Edition
8438,Castle Crashers Remastered
5596,Kingdom Hearts Birth by Sleep
4286,BioShock
4024,Katamari Damacy
2789,BADLAND 2
1758,Valiant Hearts: The Great War
69,KINGDOM HEARTS HD 1.5 +2.5 ReMIX
986330,Thank Goodness You're Here!
983717,The Legend of Zelda: Echoes of Wisdom
977316,Balatro
914789,Hi-Fi Rush
871258,Frog Detective 3: Corruption at Cowboy County
840855,I Was a Teenage Exocolonist
714895,MSM: The Lost Landscapes
651268,The Legend of Heroes: Trails from Zero
637485,Merchant Master
600924,Lost Judgment
505839,Cube Escape Collection
484971,Chained Echoes
471018,Bomb Rush Cyberfunk
452646,Astro's Playroom
424978,Signalis
423900,Silent Hill P. T.
355725,Bed Wars
338174,Drawaria.online
327998,Life With A Slave - Teaching Feeling
326224,NieR RepliCant
290874,Dragon Ball Z: Budokai 3
246478,Fire Emblem: Three Houses
127659,Kingdom Hearts II
79826,Cube Escape: The Mill
59612,Ape Escape 3
59248,Shadow of the Colossus
58862,P.T.
57955,Valkyrie Profile
57162,Rocket Knight Adventures
56097,Mario Kart: Double Dash
56007,Chibi-Robo!
55947,True Lies
54653,Grandia II
53763,Contra Force
53207,Comix Zone
52943,Final Fantasy IX
52790,Castlevania: Symphony of the Night
52752,Breath of Fire IV (2000)
52751,Breath of Fire III (1997)
52369,Metal Gear Solid 3: Snake Eater
42277,Hatsune Miku: Project DIVA ƒ 2nd
39408,Katamari Forever
37551,The Lord of the Rings: The Battle for Middle-earth 2 - The Rise of the Witch-king
32965,The Lost Vikings
32575,Tony Hawk's Pro Skater 2
32134,Looney Tunes: Sheep Raider
31033,Stronghold: Crusader
30899,Mafia: The City of Lost Heaven
30610,Outbreaker
29960,Command & Conquer: Red Alert 2
29742,Homeworld
29727,Baldur's Gate II: Throne of Bhaal
28198,Shin Megami Tensei: Strange Journey Redux
27978,Donkey Kong Country: Tropical Freeze
27965,Phoenix Wright: Ace Attorney - Spirit of Justice
27953,Animal Crossing: New Leaf
27024,Super Mario Galaxy
25924,The Legend of Zelda: Majora's Mask
25035,Elite Beat Agents
24079,EarthBound
24022,"WarioWare, Inc.: Mega Microgame$!"
22850,"Colonization, Sid Meier's"
19299,Fallout 2
18726,Gothic
15446,Zeus + Poseidon
14866,Vectorman 2
14188,Gorogoa
13627,Undertale
4791,Tactics Ogre: Let Us Cling Together
4277,METAL GEAR SOLID HD EDITION
4225,Zero Escape: Virtue's Last Reward
3730,Shin Megami Tensei: Persona 4
1596,DEVICE 6
1299,Mount & Blade: Warband
49,Persona 5
962495,Super Mario Bros. Wonder
799253,Ghost of Tsushima - Iki Island
616687,Bramble: The Mountain King
558974,The Legend of Zelda: Skyward Sword HD
484828,There Is No Game: Wrong Dimension
460573,Gacha Club
320964,Uno Online
244741,Katamari Damacy REROLL
74084,Standoff 2
57816,Suikoden II
57679,Shin Megami Tensei Persona 2: Innocent Sin
56092,The Legend of Zelda: The Wind Waker
53816,Felix the Cat
53461,Phoenix Wright: Ace Attorney − Trials and Tribulations
52370,Metal Gear Solid 2: Sons of Liberty
50971,Pokémon Crystal Version
46508,Return Of The Obra Dinn
32392,The Incredible Machine
32029,Stronghold
30813,Maniac Mansion: Day of the Tentacle
29373,Space Rangers
28159,HUNTDOWN
27036,Super Mario Galaxy 2
25460,The World Ends With You DS
24075,Shin Megami Tensei IV
23746,Fire Emblem Echoes: Shadows of Valentia
22860,Settlers 3: Ultimate Collection
22746,Cannon Fodder
21876,Planescape: Torment
15426,Black Mesa
14200,Sally Face
5538,Dark Souls
5426,Crash Bandicoot 3: Warped
5137,Resident Evil 3: Nemesis
4634,Parasite Eve II
4281,Ratchet & Clank: Going Commando
1000248,Spilled!
998976,"One Iced Latte With Your Breast Milk, Please! ☕"
992655,Is this Game Trying to Kill Me?
986926,Prince of Persia The Lost Crown
984308,Dead Rising Deluxe Remaster
983884,Luigi's Mansion 2 HD
981526,The WereCleaner
974140,Onigotchi
968634,Another Code: Recollection
967001,Escape From Mystwood Mansion
962676,Persona 3 Reload
892943,Fear & Hunger 2: Termina
838238,Sister! Seikatsu -Fantasy-
797886,Dread Delusion
783856,Animal Well
753816,Poppy Playtime 2D (CHAPTER 1)
752519,One in space
750429,Muhammad Sex Simulator 2015
743540,Behind the Dune
743530,Tower of Trample
743490,Paraphore
743429,Labyrinth of Estras
727404,The Witch's Sexual Prison
635366,Walkabout Mini Golf VR
598869,That Level Again
579538,"NejicomiSimulator Vol.1 (Gapping, Amputee sex slave, Petrify, Time Stop)"
566448,Bang-On Balls: Chronicles
556874,FNF MOD-DJ
554772,Megacraft Hentai Survival
528798,Rush Royale - Tower Defense TD
517302,Honey Select 2- Libido
514558,Cinco Noches Donde Alfredo (FNAF Hecho en 24 Horas)
495622,BLACKSOULS
491711,Who Needs a Hero?
490600,Depanneur Nocturne
474499,Proud Father
472789,Windows XP Virus Simulator (test game)
448839,Mario Maker 2
442840,Space Station 14
439278,Stay Alive - USSR
427567,Bear Party: Adventure
423701,Residents of Evilville
401795,Jazz Jackrabbit 2 - The Secret Files
401372,Mike Tyson's Punch-Out!!
395172,Red Dead Redemption: Game of the Year Edition
386665,Zooba: Free-For-All Battle Game
384489,Shinsekai Into the Depths
374506,Terrordrome: Rise of the Boogeymen
366145,Modern Ops: Online Shooter FPS
362766,Digimon Digital Card Battle
357786,Yu-Gi-Oh! Capsule Monster Coliseum
356874,Kiss Kiss: Spin the Bottle for Chatting & Fun
355997,Clash of Empire 2019
355897,The Walking Zombie 2: Zombie shooter
350006,Pandora's Box (1999)
349283,Gensokyo Night Festival
335688,The Sailor's Dream
331387,N.O.V.A. 2: Near Orbit Vanguard Alliance
331318,WWE SmackDown! Here Comes the Pain
330726,Radiant Historia
322223,EvoWars.io
320408,Critters for Sale
320251,Star Channel 34
314569,Junon.io
304922,Astalon: Tears of the Earth
304187,Five Nights at Freddy’s: Help Wanted
300685,MegaMan Zero 2
297222,Blood Trail
295007,Yu-Gi-Oh! Duel Monsters GX: Tag Force
286480,Dead or Alive Ultimate
282812,Sakura Wars (1996)
281342,Car Parking Multiplayer
279586,Another Metroid 2 Remake
259855,Maomao Discovery Team
258373,Pocket Waifu
257222,Nigel Mansell's World Championship Challenge
251484,Tentacle Locker
248934,Clone Armies
244750,Eroico
244726,Ratchet & Clank (2002)
241421,Naval Creed:Warships
90382,"Hello Charlotte EP1: Junk Food, Gods and Teddy Bears"
84783,New Star Manager
84528,yellow (game)
74182,House Designer: Fix & Flip
73633,Stick War: Legacy
61672,DX-Ball 2: 20th Anniversary Edition
60540,Vectronom
59346,Desperados III
58817,Ghost Giant
58381,Monster Hunter Generations Ultimate
58209,Dwarf Fortress
57758,Shin Megami Tensei II
57519,Super Mario World 2: Yoshi's Island
57455,Pocky & Rocky
57294,Arkanoid: Doh It Again
57196,Sunset Riders
56922,Asterix and the Power of the Gods
56165,Paper Mario: The Thousand-Year Door
56051,Fight Night Round 2
54718,Quake III Arena
54444,Mischief Makers
54435,Mario Kart 64 (1996)
54276,Mad Dog McCree (1993)
54000,Pro Wrestling (1986)
53939,Mega Man 2 (1988)
53853,Guerrilla War (1987)
53804,Disney's DuckTales
53165,Bomberman Tournament
53161,Boktai: The Sun Is in Your Hand
52995,Gran Turismo
52969,Front Mission 3
52913,Space Station Silicon Valley
52882,DoDonPachi
52803,Civilization
52655,Akuji the Heartless
52525,Enduro
51297,Stickman Race Draw
51168,Rhythm Doctor
47784,Texas Holdem & Omaha Poker: Pokerist
46621,ATOMEGA
46528,Odysseus Kosmos and his Robot Quest
45674,DATA WING
43432,World of Warcraft: Legion
41635,Might & Magic: Heroes 6 - Danse Macabre
40002,Shin Megami Tensei: Persona 3
39874,Dragon Knight Online
38601,Romance of the Three Kingdoms XI
37833,Sexy Beach 3: Character Tsuika Disc
37260,Zoo Tycoon 2: Marine Mania
37104,TrackMania Nations
36150,MTX Mototrax
35406,Yu-Gi-Oh! Power of Chaos: Yugi the Destiny
35155,Civilization 3: Conquests
35148,Championship Manager Season 03/04
35059,Street Legal Racing: Redline
34953,Imperivm: Great Battles of Rome
34132,Lode Runner: The Legend Returns
32734,Gothic 2
32302,Magic & Mayhem
32260,Dink Smallwood
32197,Heroes of Might and Magic 3: The Restoration of Erathia
32129,King's Quest 6: Heir Today Gone Tomorrow
31635,Gunman Chronicles
31478,Moonshine Runners
31238,Championship Manager Season 01/02
31231,Transport Tycoon Deluxe
31196,Gruntz
30804,Dragon Raja
30459,Flashback: The Quest for Identity
30434,Disciples II: Dark Prophecy
29633,Wing Commander: Prophecy
29177,Detroit: Become Human
27954,3D Classics: Kirby's Adventure
27124,Kid Icarus: Uprising
25023,Dragon Quest Heroes: Rocket Slime
22653,Heroes of Might and Magic 5: Bundle
22036,Yomawari: Midnight Shadows
21515,Blackwell Epiphany
19309,Plants vs. Zombies GOTY Edition
18626,Caesar 3
17085,Finding Paradise
15197,Koi-Koi Japan [Hanafuda playing cards]
14870,Streets of Rage 3
12752,UnReal World
11970,Star Wars Jedi Knight: Jedi Academy
11772,The Coma: Cutting Class
10371,Paws: A Shelter 2 Game
9981,Total War: WARHAMMER II
6964,Eyes - the horror game
6770,Granny Smith
5678,The Elder Scrolls IV: Oblivion
4835,N.O.V.A.
4490,ICO
4262,EA SPORTS FIFA Street
4029,Black Rock Shooter: The Game
3332,FINAL FANTASY X/X-2 HD Remaster
2667,Arcade Archives BUBBLE BOBBLE
1994,Cytus
1400,Ski Safari
1024,Gangstar Rio: City of Saints
480,Resident Evil 7: Biohazard
336,ROME: Total War - Barbarian Invasion
998422,R.E.P.O.
973391,Monster Hunter Wilds
765264,Five Nights at Freddy's on Chromebook
750344,Cute can be broken
710407,Sanabi
533740,Point Taker
442721,Countryhumans - Dating Sim v0.8
388376,A.I.M.3: War Protocol
343602,Mortal Kombat (2011)
333435,Ever17: Out of Infinity
331454,"Pokémon Black 2, White 2"
257182,Pirates of Dark Water
224257,Super WorldBox
216268,Enderal: Forgotten Stories
90482,We Become What We Behold
80263,Cube Escape: Case 23
76472,MadOut2 BigCityOnline
57601,Mega Man X4 (1997)
53731,Bucky O'Hare
53445,Need for Speed: Underground
53290,Final Fantasy Tactics Advance
53091,Legend of Mana (1999)
52800,Chrono Trigger
52368,Shadow of the Colossus  (2018)
52170,Under Night In-Birth Exe:Late[st]
50738,Death Stranding
47506,Meltys Quest
42920,Resident Evil HD Remaster
35374,Unreal Tournament 2004
32797,No One Lives Forever 2: A Spy in H.A.R.M.'s Way
32363,Zeus: Master of Olympus
31777,Thief: The Dark Project
29892,Incubation: Time Is Running Out
29849,Aliens Versus Predator 2
29839,The Secret of Monkey Island
29718,Jazz Jackrabbit 2
28454,The Witcher 2: Assassins of Kings
28448,Halo: Combat Evolved
27973,Pikmin 3
26293,Sonic & Knuckles
21709,Unreal Tournament: Game of the Year Edition
19628,FlatOut 2
17489,Higurashi When They Cry Hou - Ch.4 Himatsubushi
16842,Total Annihilation
15642,The Elder Scrolls IV: Oblivion Game of the Year Edition
15445,Pharaoh + Cleopatra
14927,Medieval II: Total War Kingdoms
13525,Assassin's Creed 2 Deluxe Edition
10916,Gas Guzzlers: Combat Carnage
10338,Gates of Hell
5159,Resident Evil 2 (1998)
3703,Shin Megami Tensei III: Nocturne
3364,Shovel Knight: Treasure Trove
3254,Journey
2977,Yakuza 5
2188,The Room Three
1379,The Legend of Heroes: Trails of Cold Steel II
250,The Binding of Isaac: Rebirth
891228,Horizon Forbidden West - Burning Shores
871264,Dave the Diver
838307,Maeve's Academy
801122,The Alters
720734,POUGG
712802,HATSUNE MIKU: COLORFUL STAGE!
622492,Forza Horizon 5
576350,The Chronicles Of Myrtana: Archolos
484497,YOU and ME and HER: A Love Story
479695,Control Ultimate Edition
470614,One Slice of Lust
459210,Sim City 4
427490,Sea of Stars
421698,Animal Crossing: New Horizons
406445,Wide Ocean Big Jacket
384567,Crusader Kings III
379496,Steven Universe: Unleash the Light
373511,Ring Fit Adventure
333205,Door Kickers 2: Task Force North
327267,Swords & Souls: Neverseen
309893,Hard Truck 2: King of the Road
279590,KINGDOM HEARTS FINAL MIX
273074,Super WorldBox (itch)
264873,Umineko When They Cry - Question Arcs
58084,DRAGON QUEST XI: Echoes of an Elusive Age
57997,The X-Files Game
57189,Street Fighter II: Champion Edition
57173,Shinobi III: Return of the Ninja Master (1993)
57061,Haunting
54742,Shenmue II
53762,Contra (1987)
53435,Mother 3
53004,Guilty Gear
50447,Jazz Jackrabbit Collection
45805,Muv-Luv Alternative
36182,Elasto Mania
36096,The Chronicles of Riddick: Escape from Butcher Bay
35612,Silent Storm: Sentinels
32697,Age of Empires
32577,Tony Hawk's Pro Skater 3
30022,Duke Nukem 3D: Atomic Edition
29714,Rollcage Stage 2
27255,The Legend of Zelda: Oracle of Seasons
27077,Shin Megami Tensei: Devil Survivor Overclocked
26860,PokePark 2: Wonders Beyond
25884,Rhythm Heaven
25080,Super Mario Bros.
24825,Fire Emblem: Radiant Dawn
24142,Punch-Out!! Featuring Mr. Dream
23938,WarioWare: Touched!
23859,Super Street Fighter II: The New Challengers
23756,Xenoblade Chronicles X
22847,Zeus + Poseidon (Acropolis)
22828,Fahrenheit (Indigo Prophecy)
20466,Worms Armageddon
19698,Soldiers: Heroes of World War II
19569,Hitman: Blood Money
16999,DUSK
14491,Downfall
13566,Into the Breach
11164,A Hat in Time
4957,Theme Hospital
4101,Bayonetta
2528,DRAGON QUEST V
923,Titanfall 2
960912,Mass Effect 2 (2010) Edition
936663,Fortnite Looping
923017,Ghost Trick : Detective Phantom (remastered)
842402,Dredge
817970,Aseprite
810234,HoloCure
744024,My Friendly Neighborhood
743687,Little Red Riding Hood and the Mysterious Cave
743476,Bones' Tales: The Manor
616765,Marvel's Guardians of the Galaxy
574766,We Were Here Forever
508499,The Punisher (1993 video game)
505871,The Jackbox Party Pack 7
487917,Mario Kart Live: Home Circuit
481913,Black Myth: Wukong
446922,Bullet Echo
399429,Mahjong Soul
399411,AI Dungeon
395969,Dragon Age: Inquisition - Trespasser
353357,"WarioWare, Inc.: Mega Party Games!"
302687,vopi.me fire - Free Fire Hack
280620,Lone Echo
237101,Spaceflight Simulator
232074,Blockman GO: Blocky Mods
61206,Yuppie Psycho
58917,Ace Attorney Investigations 2
58806,Satisfactory
57954,Vagrant Story (2000)
57364,Goof Troop
56240,TimeSplitters 2
54406,Harvest Moon 64 (1999)
53954,Punch-Out!! (1987)
53664,Takahashi Meijin no Bugutte Honey
53080,Klonoa: Door to Phantomile
52815,Command & Conquer
52371,Super Mario Sunshine
46742,The 25th Ward: The Silver Case
41850,Assassin's Creed Anthology
41204,Nitronic Rush
41079,FIFA Street (2012)
40643,Streets of Rage Remake
38450,Barbie as Rapunzel: A Creative Adventure
36128,Gunbound
36095,Pro Evolution Soccer 4
35403,Space Rangers 2: Rise of the Dominators
31939,Dark Colony
30948,Return Fire
30520,Age of Mythology
30016,Warcraft 2: Beyond the Dark Portal
28347,Geometry Wars Evolved²
27256,The Legend of Zelda: Oracle of Ages
25663,Earthworm Jim
25414,Super Smash Bros. Brawl
24761,Mario Kart Wii
24227,Pro Evolution Soccer 2013
23599,World of Warcraft
19406,Trackmania United Forever Star Edition
19380,Dark Messiah of Might and Magic
18698,Silent Storm Gold Edition
17908,Anno 1404
13633,Sid Meier's Civilization V
5916,The Room Two
4407,The Walking Dead - Episode 1: A New Day
4118,Persona 2: Eternal Punishment
3876,Deus Ex: Human Revolution - Director's Cut
2819,Firewatch
1445,Asphalt 6: Adrenaline
455,Threes!
132,The World Ends with You: Solo Remix
986919,SteamWorld Heist II
980748,Tales of Kenzera: ZAU
973398,The Rise of the Golden Idol
965457,[Chilla's Art] Parasocial | パラソーシャル
962674,Star Ocean: The Second Story R
891532,Death Stranding 2: On The Beach
743592,Sloppy classmates and everyday H life
715706,Multiply or Release 3D
689700,New Hokage Servant
680083,Project Kat - Paper Lily Prologue
616697,A Plague Tale: Requiem
593705,Friday Night Funkin' BUT BAD | FNF Mod | HTML 5 Online Port
581147,UNBEATABLE [white label]
566445,Gnosia
558972,TRIANGLE STRATEGY
522979,Penko Park
449220,Fancade
442849,The Adventures of Batman and Robin
442847,Tony Hawk's Pro Skater 1 + 2
437058,Hatsune Miku Project Diva Mega39's
428560,Picross S4
427436,AI＊Shoujo
414643,Panel de Pon
408286,13 Sentinels: Aegis Rim
385481,Being a DIK - Season 1
385444,Boomerang X
374507,Guilty Gear -Strive
371831,Xenoblade Chronicles: Definitive Edition
370350,Egg Wars for Blockman Go
349781,The Backrooms Game
312613,Pathologic
298399,Swords and Souls
282828,STEINS;GATE 0
275602,Yakuza 2
265332,Nightshade (2016)
252029,Grimvalor
249966,Spider-Man (2000)
182729,PC simulator
80387,Cube Escape: Seasons
76746,Pocket Tanks
67781,diep.io
61584,428: Shibuya Scramble
60969,Pure Rock Crawling
59633,Dragalia Lost
57553,Top Gear 3000
57422,Mega Man X (1993)
56142,NBA Street Vol. 2
56088,killer7
55990,Bloody Roar 3
55519,Knights and Merchants: The Shattered Kingdom
55424,Dragon's Lair II: Time Warp
54835,Heroes of Might and Magic II
54720,Railroad Tycoon II
54520,Star Fox 64 (1997)
54327,Syndicate
53139,Tempest (1981)
53034,International Superstar Soccer
52650,Ace Combat 3: Electrosphere
52384,The Messenger
51673,Shenmue
50744,Unavowed
49122,Umineko When They Cry - Answer Arcs
46390,Dujanah
44550,Calculator: The Game
43228,The Talos Principle: Road to Gehenna
43059,Guild Wars 2: Heart of Thorns
42039,Dishonored: The Brigmore Witches
40381,Dungeon Crawl Stone Soup
39834,Северный клинок
37662,Cricket 07
36198,Total Club Manager 2005
35176,Dominion
34868,Homeworld 2
34785,Jets'n'Guns
33482,They Hunger
32484,The Sims 3: Seasons
31819,NetHack
31487,Goblins 3
31146,Soldiers of Anarchy
30865,Bumpy's Arcade Fantasy
30789,The Curse of Monkey Island
30076,Robinson's Requiem
29868,Warhammer: Dark Omen
29756,Catz 5
28498,Mutant Blobs Attack
26333,Shin Megami Tensei: Strange Journey
25955,Lego Battles
24446,Tatsunoko VS. Capcom: Ultimate All Stars
22968,Screamer 4x4
22680,Earthworm Jim 1+2: The Whole Can 'O Worms
22633,Conquests of the Longbow: The Legend of Robin Hood
20060,Raiden III Digital Edition
19658,Cossacks: Back to War
19278,Blood
13194,To the Moon
10919,The Eyes of Ara
8736,Bad Piggies HD
7349,Fruit Ninja Kinect 2
6049,Critical Ops
5647,Rock Band Unplugged
5358,Patapon 2
3988,Jak and Daxter Collection
3408,Hotline Miami 2: Wrong Number
3363,Shovel Knight
3292,Suikoden III
2552,Sonic the Hedgehog 2
2128,Angry Birds HD
2102,Space Marshals 2
1317,GHOST TRICK: Phantom Detective
508,Ridiculous Fishing - A Tale of Redemption
906504,Nine Sols
801842,"Warhammer 40,000: Rogue Trader"
692545,Kid A Mnesia: Exhibition
593235,Gartic Phone
326253,Age of Empires II: Definitive Edition
262384,Tekken 5
58925,Higurashi When They Cry Hou - Ch.6 Tsumihoroboshi
57778,Sled Storm
57324,Castlevania: Rondo of Blood
55301,Super Mario Land 2: 6 Golden Coins
54552,Vigilante 8: 2nd Offense
53629,Virtua Tennis (1999)
52332,Crisis Core: Final Fantasy VII
52312,Luigi's Mansion
52169,osu!
43753,Xenoblade Chronicles 2
34772,Painkiller (2004)
32475,Drakan: Order of the Flame
31583,Operation Flashpoint: Cold War Crisis
29427,Mortal Kombat 3
28619,Gears of War 2
28613,Halo: Reach
27828,Pikmin
26090,Pokémon Mystery Dungeon: Explorers of Sky
24442,No More Heroes 2: Desperate Struggle
23849,Animal Crossing: Wild World
23099,Rage of Mages II: Necromancer
23098,Rage of Mages
22980,Sam & Max Hit the Road
22821,Nox
21400,Earthworm Jim 2
19625,Unreal Tournament 2004: Editor's Choice Edition
17857,S.T.A.L.K.E.R.: Shadow of Chernobyl
14975,Streets of Rage
13858,Fran Bow
10064,Assassin’s Creed Brotherhood
9760,"Hot Dogs, Horseshoes & Hand Grenades"
5683,The ICO & Shadow of the Colossus Collection
5621,NIER
5343,Syphon Filter 2
3775,Danganronpa: Trigger Happy Havoc
278,Horizon Zero Dawn
39,Prey
999746,Pathologic 3: Quarantine
968792,This Bed We Made
743523,Kasumi Rebirth
695801,Sam & Max: Beyond Time and Space - Remastered
681294,BeamNG techdemo 0.3
669216,Monster Hunter Rise: Sunbreak
511453,Murder House
484619,My Forest Home Deluxe
455243,Fatum Betula
452634,Marvel's Spider-Man: Miles Morales
407609,Curse of Aros
398769,Hero's Harem Guild
384488,Fable (2004)
364800,The Legend of Zelda: Collector's Edition
351191,Meteorfall: Krumit's Tale
342793,My Hunting Adventure Time v.0.3 - Adult Visual Novel (NSFW) Free
341613,Higurashi When They Cry Hou - Ch.7 Minagoroshi
329552,Resident evil 7 Banned Footage Vol.2
302143,Billie Bust Up - Pre-Alpha Demo
292963,RAPE DAY
292838,Tetris 99
288591,Saya no Uta
236697,Luigi's Mansion 3
57953,Vandal Hearts II
55132,Street Fighter II: The World Warrior (1991)
54873,Pokémon Trading Card Game
54684,Marvel vs. Capcom: Clash of Super Heroes
54132,Vice: Project Doom
53854,Gun.Smoke
53781,Disney's Darkwing Duck
52868,Digimon Rumble Arena
52827,Crash Bandicoot 2: Cortex Strikes Back
52042,The Void Rains Upon Her Heart
44972,Danganronpa V3: Killing Harmony
42547,Resident Evil 4 Ultimate HD Edition
41450,The Walking Dead: Episode 4 - Around Every Corner
40876,Fallout: New Vegas - Old World Blues
35600,Rise of Nations: Thrones and Patriots
34887,The Elder Scrolls 3: Bloodmoon
32377,Icewind Dale II
31934,Rollcage
31041,Heroes of Might and Magic 2: The Price of Loyalty
30799,Baldur's Gate II: Shadows of Amn
30302,Crimson Skies
27308,Rune Factory 4
25850,Rune Factory: Frontier
25001,Tetris DS
23943,Mario Kart DS
23919,Mario Tennis
23771,Monster Hunter 4 Ultimate
21926,Uncharted: The Lost Legacy
20204,Stray Cat Crossing
19279,Culpa Innata
19235,Majesty Gold HD
19056,S.T.A.L.K.E.R.: Call of Pripyat
16003,Baldur's Gate II: Enhanced Edition
12074,Monkey Island 2 Special Edition: LeChuck’s Revenge
9687,CrossCode
5464,MediEvil Resurrection
5115,FINAL FANTASY VIII
4527,Call of Duty: Modern Warfare 2
4108,Demon's Souls
961204,Helldivers II
801567,Pentiment
793647,Star Wars Jedi: Survivor
743651,3072 AD
743469,Forest of the Blue Skin
644004,dream smp version 1
452645,Hitman 3
419297,Horizon Zero Dawn Complete Edition
407764,Desktop Goose
376934,Pistol Whip
364814,Witch Trainer
349844,Kind Words (lo fi chill beats to write to)
349250,People Playground
320083,The Legend of Heroes: Trails of Cold Steel IV
267710,Kingdom Rush Vengeance
254410,Lost in Vivo
80396,Cube Escape: Arles
59125,Teenage Mutant Ninja Turtles II: The Arcade Game
58449,OFF
57276,Zero Tolerance
57215,Teenage Mutant Ninja Turtles: The Hyperstone Heist
53634,WarioWare: Twisted!
53254,Dragon Ball: Advanced Adventure
53048,Jackie Chan Stuntmaster
42359,SCP: Containment Breach
39997,Assassin's Creed II: Bonfire of the Vanities
39118,Guitar Hero: Metallica
37305,World in Conflict
32974,Heroes of Might and Magic 2: The Succession Wars
32519,WWF WrestleMania: The Arcade Game
32062,Sid Meier's Civilization
31309,Worms World Party
31292,Heart of Darkness
30407,Neverwinter Nights
28007,Kirby: Planet Robobot
27617,Fire Emblem: The Sacred Stones
27483,Fantasy Life
27213,Wario Land 2
27179,Professor Layton and the Miracle Mask
26774,Professor Layton and the Last Specter
26578,Golden Sun: Dark Dawn
24940,The Sims 2
23093,Evil Islands
23007,Sea Dogs
19452,F.E.A.R.
16359,Divinity: Original Sin - Enhanced Edition
13434,The Cat Lady
12965,LISA
5361,Pursuit Force
5344,Resident Evil Director's Cut
4751,The Legend of Heroes: Trails in the Sky
4532,Sly 3: Honor Among Thieves
4459,Grand Theft Auto IV
4280,Max Payne 3
2710,Shadowmatic
2571,DRAGON QUEST
2356,Odin Sphere Leifthrasir
2293,The Last Express
997,Kingdom Rush Origins
864,Dishonored 2
224,Ascension: Deckbuilding Game
994787,Awaria
976564,HELLDIVERS 2
976306,Until Then
955696,Trine 5: A Clockwork Conspiracy
896695,Bio Prototype
881527,Abiotic Factor
854488,SpiderHeck
795389,The Last Clockwinder
785035,Catto Boi: Trouble in Love Land
754930,Sudocats
684910,Conway: Disappearance at Dahlia View
639703,JustiXX
633390,Moss: Book II
624415,Winner Camp
614964,Death Stranding Director's Cut
591613,Endoparasitic
511805,Tukoni
497718,SCP - 3008
459208,Sim City 2000
452633,Gran Turismo 7
440114,1v1.LOL
421700,Undertale MULTIPLAYER
405275,WARRIORS OROCHI 4 Ultimate
404455,The Sims 4: Get to Work
400296,Soul Calibur III
397470,Bayonetta & Vanquish 10th Anniversary Bundle
387230,Pro Evolution Soccer 2
372687,Spirit Hunter: NG
371828,Deadly Premonition Origins
366109,Depraved Awakening
355850,Egg Wars
353524,BlockuDoku - Block Puzzle
310916,Car Simulator 2
302836,AI: The Somnium Files
300836,Love Sick: Interactive Stories
298398,FlatOut: Head On
292843,Astral Chain
268409,Jets'n'Guns 2
72735,I Love Hue
58755,Devil May Cry 5
58436,Passage
57988,Wipeout 3 (1999)
57782,Soul Edge
57224,Tiny Toon Adventures: Buster's Hidden Treasure
57174,Snow Bros. Jr
57123,NHLPA Hockey '93
57049,Golden Axe III (1993)
56588,Neopets
55968,1080° Avalanche
54551,Vigilante 8
54516,Snowboard Kids
54491,Quake
54387,Excitebike 64 (2000)
53747,Chip 'n Dale Rescue Rangers
53411,Mega Man Battle Network 2
52749,Brave Fencer Musashi
50737,Bayonetta 3
48255,Piano Tiles 2
45884,仙剑奇侠传四-Chinese Paladin 4
44508,This Strange Realm Of Mine
42302,BioShock Infinite: Burial at Sea - Episode One
42156,The Sims 3: Island Paradise
41789,The Sims 3: University Life
39602,The Sims 3: World Adventures
37986,В тылу врага 2: Братья по оружию
37365,Drakensang: The Dark Eye
34783,The Sims: Superstar
33776,Малыш 3
32944,Guilty Gear X
32781,Mortal Kombat Trilogy
31604,SimAnt
31595,Insane (2000)
31412,Need for Speed: Porsche Unleashed
30381,Rage of Mages 2: Necromancer
30050,North & South
29902,Ace Ventura
29848,DethKarz
29826,Indiana Jones and the Fate of Atlantis: The Graphic Adventure
28861,Winning Eleven 2007
28532,Banjo-Kazooie
24865,Adventure Island III (1992)
23860,Super Mario 64 DS
22910,Clive Barker's Undying
21687,Carmageddon 2: Carpocalypse Now
19484,Guild Wars Factions
19293,Cossacks: European Wars
17697,PANORAMICAL
10419,Subnautica
9636,CLANNAD
5425,Twisted Metal: Head-On
4852,God of War Collection
4491,Shadow of the Colossus (2011)
4161,Far Cry 3
4094,Metal Gear Rising: Revengeance
2939,Magic Rampage
1899,World of Goo HD
857,Halo: The Master Chief Collection
689,Space Marshals
624,FTL: Faster Than Light
340,KAMI 2
320,Night in the Woods
228,Doodle Army 2: Mini Militia - Online Multiplayer
989802,Horizon Zero Dawn Remastered
968329,Lethal Company
668024,Catto Boi: Journey to Catto Land
667657,Kirby and the Forgotten Land
494484,Against the Storm
444960,a new life.
442854,Mafia: Definitive Edition
431985,Mutilate-a-Doll 2 (Free)
415211,Thug Life Game
400295,Soul Calibur II
351828,DOOM II (25th anniversary)
312617,Mogeko Castle
278817,Dynast.IO (itch)
269480,Batman: Arkham Collection
251461,Shin Megami Tensei: Digital Devil Saga 2
59192,Crash Twinsanity
59157,Banner Saga Trilogy
59155,Astro Bot Rescue Mission
59141,Onimusha 2: Samurai's Destiny
58809,The Forgotten City
58644,Brutes.io
57654,The Lost Vikings 2
57278,Zombies Ate My Neighbors (1993)
54449,Mystical Ninja Starring Goemon (1997)
53811,Elite
53570,Street Fighter Alpha 3 (1998)
49066,Star Control: The Ur-Quan Masters
35518,Richard Burns Rally
32674,Monkey Island 2: LeChuck's Revenge
32421,FIFA '99
31343,The Pink Panther Hocus Pocus Pink
30839,Gobliins 2: The Prince Buffoon
30746,Might and Magic VI: The Mandate of Heaven
30584,Unreal Tournament 2003
29952,Evil Islands: Curse of the Lost Soul
29369,Jazz Jackrabbit
28554,Burnout Revenge
23283,Monolith
19009,Freddi Fish 5: The Case of the Creature of Coral Cove
16160,Dreamfall: The Longest Journey
13328,"Spy Fox in ""Dry Cereal"""
12258,Ys VIII: Lacrimosa of DANA
11726,Dead Cells
10754,BioShock Remastered
8496,Drawn to Life
6674,THE KING OF FIGHTERS '98
5219,Monster Hunter Freedom Unite
4981,Bloody Roar 2
4126,Ninja Gaiden Sigma
4019,Fatal Frame II: Crimson Butterfly
3287,Batman: Arkham Knight
1416,Mafia II
427,Plants vs. Zombies
962025,Like a Dragon: Infinite Wealth
865059,ASTLIBRA Revision
807715,The True Ingredients
802000,Immortality
484816,DRAGON QUEST XI S: Echoes of an Elusive Age - Definitive Edition
388568,Play with Gwen
372579,Sim City
331726,Cadillacs & Dinosaurs
297208,NieR:Automata Game of the YoRHa Edition
294045,drednot.io
288949,The Liar Princess and the Blind Prince
80316,Cube Escape: The Lake
63683,StrikeForce Kitty
59894,What the Golf?
59010,Myst IV: Revelation
58745,Lieve Oma
57835,Tales of Destiny
57732,Rogue Trip: Vacation 2012
57558,Ultima VII: The Black Gate
57160,Road Rash II
56260,Viewtiful Joe (2003)
54311,Medal of Honor (1999)
53171,Bubble Bobble (1986)
52383,The Banner Saga 3
49501,The Walking Dead Collection - The Telltale Series
44295,West of Loathing
43754,Mario & Luigi: Superstar Saga + Bowser's Minions
42264,Borderlands 2: Game of the Year Edition
42124,Sid Meier's Civilization V: Brave New World
34734,Tony Hawk's Pro Skater 4
34581,Страшилки: Шестое чувство
32580,The Sims: Unleashed
32507,One Must Fall 2097
31729,Midtown Madness
30731,Command & Conquer Gold
30442,Civilization: Call to Power
28024,Splatoon 2
26425,Sin & Punishment: Star Successor
24968,Advance Wars: Dual Strike
23878,Super Punch-Out!!
18905,Manifold Garden
16263,Commandos: Behind Enemy Lines
12536,Hellblade: Senua's Sacrifice
11792,Spooky's Jump Scare Mansion: HD Renovation
11254,A Lenda do Herói
10992,OneShot
10069,Mount & Blade II: Bannerlord
5142,Command & Conquer (2009)
4234,Devil May Cry HD Collection
2415,The Last Blade 2
2334,SIREN
2020,The Room
1361,Transport Tycoon
33,Final Fantasy XII: The Zodiac Age
1001007,Blue Prince
976015,Sonic X Shadow Generations
975600,Portal: Revolution
973384,God of War Ragnarok: Valhalla
965264,SPRAWL
833438,River City Girls 2
799272,American Arcadia
776267,Viewfinder
737322,FNIA: Expanded - Reupload
586059,HighFleet
518648,At Dead Of Night
513604,"Friday Night Funkin' (ninjamuffin99, PhantomArcade)"
471027,Tetris Effect: Connected
438606,Trials of Mana
428038,Vault of the Void
411611,Yakuza 5 Remastered
409575,Pathfinder: Wrath of the Righteous
387334,Faith: The Unholy Trinity
383497,Star Stable
378700,ProgressBar95 - retro desktop
335292,Pikmin 4
330615,"Pokémon Black, White"
320395,Maui Mallard in Cold Shadow
313748,The Procession to Calvary
302826,Blaster Master Zero 2
292840,Super Mario Maker 2
281851,Snow Bros. Nick & Tom
261321,Taiko no Tatsujin: Drum Session!
254654,The Witch's House MV
251460,Shin Megami Tensei: Digital Devil Saga
76165,Romance Club - Stories I Play
74080,Age of War
59280,Gungrave
59007,Ace Combat X: Skies of Deception
57270,X-Men 2: Clone Wars
54744,Skies of Arcadia
54531,Super Smash Bros. (1999)
54379,Diddy Kong Racing
54318,Snatcher
54074,Super Contra (1988)
53359,Kirby & the Amazing Mirror
53108,Tony Hawk's Underground
52905,Einhander
52872,Dino Crisis 2
52605,Summer Games
52313,WarioWare Gold
51075,In Death
47350,ACA NEOGEO METAL SLUG X
46509,Capitalism Lab
46376,The Iron Oath
43409,The Operator
40301,Michael Jackson The Experience
36539,MVP Baseball 2005
35354,The Movies
32868,KKnD2: Krossfire
31955,Space Quest 5: The Next Mutation
30740,The Settlers 4
30659,Hard Truck: The Road to Victory
30323,Wing Commander
30098,The Lost Files of Sherlock Holmes: The Case of the Serrated Scalpel
29721,Ecstatica 2
29523,DX-Ball
27989,Yoshi's Woolly World
27593,Shin Megami Tensei: Devil Survivor 2: Record Breaker
27404,Wario Land 4
26178,Harvest Moon: Animal Parade
25778,Rock Band 2
25373,No More Heroes
24080,Attack of the Friday Monsters! A Tokyo Tale
23218,Polybius
23064,Quake II: Quad Damage
22953,Theme Park
22932,"Legend of Kyrandia, The (Book One)"
22871,Worms 2
22717,Jagged Alliance 2: Unfinished Business
21846,Vignettes
19627,Commandos 2: Men of Courage
17620,Heroes of Might & Magic III - HD Edition
17604,Return to Castle Wolfenstein
13909,Prince of Persia: The Sands of Time
13833,Stronghold Crusader HD
7319,Score! Hero
5329,Gunstar Heroes
3757,South Park: The Stick of Truth
3755,Hatsune Miku: Project DIVA f
3727,FINAL FANTASY XIV: A Realm Reborn
2290,A Dark Room
892902,Armored Core VI: Fires of Rubicon
839131,FreshWomen - Season 1
748471,Naughty Rabbit
745727,Lovely Moment with a Married Woman
743747,Wolf's Dungeon
684945,Fetish Locator Week Two
631788,Oreo game
570442,Friday night funkin: whitty mod (lo-fight) with music
546559,The Baby in Yellow
517399,Overcooked! All You Can Eat
516113,Devil May Cry 5 Special Edition
508496,Webbed
395153,Rise of the Tomb Raider - Blood Ties
392142,Jet Kave Adventure
387244,Lust from Beyond: Prologue
382765,Marbles on Stream
380862,Murder by Numbers
378580,Antimatter Dimensions
376150,Grim Clicker
373644,UFO 50
373521,Hell Pie
364981,Gun Gun Pixies
353407,Kingdom Under Fire: Heroes
351436,Evan's Remains
334867,MLB 15: The Show
334190,Inazuma Eleven Strikers
330646,Angry Birds Epic
313841,Fearmonium
311712,Lakeview Valley
309807,Dark Bestiary
309761,Talisman: Origins
308057,Fantasy General II
304196,Earth Defense Force: Iron Rain
304190,Nintendo Labo
304184,Oceanhorn 2: Knights of the Lost Realm
300764,Mech Mechanic Simulator
299569,ScourgeBringer
295015,Haven
292957,When the Darkness comes
288780,DEEEER Simulator
276642,Digimon World Data Squad
275683,What Never Was
264768,R-Type Dimensions EX
264754,Stranded Sails - Explorers of the Cursed Islands
264721,Draugen
263587,Legend of Keepers: Career of a Dungeon Manager
262507,Volcanoids
259932,Omno
246475,Fire Emblem Gaiden
246474,Fire Emblem: Mystery of the Emblem
222911,Animal Jam - Play Wild!
91933,Planet of Bloodthirsty Santa (Demo)
74668,Bloons Adventure Time TD
73718,Identity V
65408,Helix Jump
65092,Goldmine
61810,Meow Motors
61248,Big Crown: Showdown
61011,The Light Keeps Us Safe
60515,Wintermoor Tactics Club
60295,OK/NORMAL
59573,Penguin Adventure
59368,Chimparty
59027,The Train
58281,Timberman VS
58023,Blockade
57726,Ridge Racer Revolution
57619,Monster Rancher
57457,Porky Pig's Haunted Holiday
57417,The Mask
57414,Mario Paint
56955,Bugs Bunny in Double Trouble
56929,B.O.B.
56194,Scooby-Doo! Night of 100 Frights
55641,Space Harrier II (1988)
55623,Shadow Dancer (1989)
55350,Battle Squadron
55283,Mega Man V (1994)
54997,Colossal Cave Adventure
54983,Bomb Jack
54747,Sonic Shuffle
54638,Dynamite Cop
54560,WCW Mayhem
54288,Night Trap
54163,Yoshi's Cookie
54151,World Games
54135,Wario's Woods (1994)
54117,Doki! Doki! Yuuenchi: Crazy Land Daisakusen
53984,P.O.W.: Prisoners of War
53819,Fist of the North Star (1987)
53698,The Bard's Tale (1985)
53665,The Adventures of Bayou Billy
52711,Baroque (1998)
52645,3Xtreme
52573,Rampage
51940,Citystate
51937,Paradox Soul
51608,SNK Heroines: Tag Team Frenzy
51225,Post Scriptum
50504,Descent 3
50087,School Girl/Zombie Hunter
50038,Aces of the Luftwaffe - Squadron
49890,Snail Trek - Chapter 1: Intershellar
47534,Into the Dead 2
45858,Shadow Fight 2 Special Edition
45427,Witch Hunt
45200,GuJian 2 古剑奇谭二
44762,Frantics
43677,Overcrowd: A Commute 'Em Up
43158,PayDay 2: Hotline Miami
43089,Destiny: House of Wolves
42293,The Sims 3: Movie Stuff
42286,Borderlands 2 Headhunter 1: TK Baha's Bloody Harvest
41720,Game of Thrones: Beyond the Wall
41367,WRC 3: FIA World Rally Championship
41271,C9: Continent of the Ninth Seal
40834,The Sims Medieval: Pirates and Nobles
40481,Age of Wushu
40345,The Sims 3: Fast Lane Stuff
40179,Marvel vs. Capcom 3: Fate of Two Worlds
39272,Tiger Woods PGA Tour 10
38295,MotorM4X: Offroad Extreme
38232,Черная метка
37545,Teenage Mutant Ninja Turtles: The Video Game
37400,Agatha Christie: Murder on the Orient Express
37275,Dungeon Siege 2: Broken World
37259,Zoo Tycoon 2: African Adventure
37095,KAO the Kangaroo 3: Mystery of Volcano
37007,Sins of a Solar Empire
36890,Silent Heroes
36717,War Front: Turning Point
36202,Sven Bømwøllen
35928,Yetisports Arctic Adventures
35814,Captain Blood
35655,ToCA Race Driver 2: Ultimate Racing Simulator
34737,Playboy: The Mansion
33942,Teresa: House Guest
33744,The Need for Speed Special Edition
33148,Tapper
32898,Commander Keen: Marooned on Mars
32821,Nancy Drew: Stay Tuned for Danger
32355,Su-27 Flanker
32178,Neverwinter Nights 2: Storm of Zehir
32073,Moorhuhn 2
32065,Tom Clancy's Rainbow Six: Rogue Spear - Black Thorn
31987,ГЭГ 2: Назад в будущее
31675,FIFA World Cup 2002
31658,Star Wars: Rebel Assault
31226,Garfield: Caught in the Act
30620,Police Quest: In Pursuit of the Death Angel
30342,CD-Man
29828,Worms: Reinforcements
29825,Disciples: Sacred Lands
29508,Blair Witch Project: Episode 3 - Elly Kedward Tale
29261,Rusted Warfare - RTS
28934,DTR: Retribution
28431,SONIC 4 Episode II
28354,DW:GUNDAM
28348,Fist of the North Star: Legends ReVIVE
28267,Ninety-Nine NightsⅡ/NA
28109,Sprint Vector
28017,Mario Party Star Rush
27911,Pic-a-Pix Color
27410,Mega Man II(3Ds/GB)
27409,Mega Man III
27014,Tamagotchi Connection: Corner Shop 2
25983,Mega Man Star Force 3 - Black Ace
25646,The Legend of Spyro: Dawn of the Dragon
25393,FIFA Street 3
25271,Mega Man ZX Advent
25123,Final Fantasy Fables: Chocobo Tales
25018,Mega Man ZX
24877,Harry Potter and the Order of the Phoenix
24654,Metal Slug 7
23342,The Golf Club 2
23263,Chess Ultra
22996,Cyberia
22927,Mobile Forces
22904,Sensible World of Soccer 96/97
22408,Bejeweled 2 Deluxe
22402,Victoria I Complete
22241,Call to Power II
22231,Zork: Grand Inquisitor
21539,Battle Mages
21320,QUAKE Mission Pack 2: Dissolution of Eternity
21284,Governor of Poker 2
20086,Helen's Mysterious Castle
19970,Nightmares from the Deep 3: Davy Jones
19969,Nightmares from the Deep 2: The Siren`s Call
19967,Fairy Tale Mysteries: The Puppet Thief
19673,Bejeweled Twist
19527,CivCity: Rome
19434,Sunset
19366,Echelon: Wind Warriors
19282,American Conquest: Fight Back
19280,Masochisia
19222,18 Wheels of Steel: American Long Haul
19028,Putt-Putt: Pep's Birthday Surprise
18971,Noctropolis
18797,Tales of Monkey Island Complete Pack: Chapter 5 - Rise of the Pirate God
18631,Phantasmagoria 2: A Puzzle of Flesh
18597,UFO: Aftershock
18088,Left in the Dark: No One on Board
17844,Divine Divinity
17537,Phantom Brave PC
17238,Bear Simulator
17185,Eventide 2: The Sorcerers Mirror
16447,Voyage: Journey to the Moon
16347,Detective Gallo
16055,Verde Station
16034,Space Rogue
15932,Crayon Physics Deluxe
15804,Demolish & Build 2017
15387,Conquest of Elysium 3
14982,Dr. Robotnik’s Mean Bean Machine
14740,The Last Door: Season 2 - Collector's Edition
14623,kuso
14325,Disoriented
14321,Xanadu Next
14268,12 Labours of Hercules VI: Race for Olympus
14036,Inbetween Land
13844,Press X to Not Die
13741,Pixel Ripped 1989
13714,The Ship: Remasted
13655,Rocketbirds 2 Evolution
13274,I Am The Hero
13252,La-Mulana
13078,Double Kick Heroes
13005,Power & Revolution
12906,ShootMania Storm
12498,"Calm Down, Stalin"
11574,Nancy Drew: Trail of the Twister
11130,8-Bit Invaders!
11033,Delver
10940,Alwa's Awakening
10542,Transport Giant
10324,First Strike: Final Hour
10272,Cuit
9927,The Last Weekend
9764,Glittermitten Grove
9574,Quarantine
9517,Simutrans
9431,Sonic Dash 2: Sonic Boom
7619,Turmoil
6929,Shadowgate
5607,NBA 2K12
5600,NARUTO SHIPPUDEN: Ultimate Ninja STORM Generations
5516,Backbreaker
5224,Resistance: Retribution
5118,Metal Gear Solid: Portable Ops Plus
5044,DEAD OR ALIVE Paradise
5031,Final Fight: Double Impact
4623,Carnivores: Ice Age
4585,Maximo: Ghosts To Glory
4584,GRIMgRiMoiRe
4480,Mini Ninjas
4410,Disgaea 3: Absence of Detention
4369,Sorcery
4284,SSX
4173,Fighting Vipers
3782,Skullgirls Encore
3593,NHL 15
3501,LittleBigPlanet 3
3291,Shantae: Risky's Revenge - Director's Cut
3100,Alien: Isolation - The Collection
3099,River City Super Sports Challenge ~All Stars Special~ Downtown Nekketsu
2805,Street Fighter V
2595,Angry Birds Transformers
2530,ARCADE GAME SERIES: Ms. PAC-MAN
2510,Stranger of Sword City
2335,Pokémon Shuffle Mobile
2291,Townsmen
2060,Aquaria
1581,The Silent Age
1448,Clash of Clans
1264,Hitman Sniper
952,Shadowrun Returns
897,Superbrothers: Sword & Sworcery
646,Her Majesty's SPIFFING
592,Lethal VR
235,Shift Happens
325101,Destiny 2: Shadowkeep
319239,"Warhammer 40,000: Inquisitor - Prophecy"
304921,Sniper Elite V2 Remastered
241088,Minoria
58773,Sable
53195,Kid Icarus (1986)
52467,Track & Field
51350,Scythe: Digital Edition
46502,.hack//G.U. Last Recode
41339,Lifeless Planet
36777,Tom Clancy's Ghost Recon: Advanced Warfighter
29429,Mortal Kombat 4
28110,Vampyr
24151,Metroid II - Return of Samus
23498,Tannenberg
21312,HeXen: Deathkings of the Dark Citadel
19294,Scribblenauts Unmasked: A DC Comics Adventure
18702,The Guild Gold Edition
15030,Hearts of Iron III
12240,The Path
11906,Riff Racer - Race Your Music!
11405,AION Free-to-Play
11350,The Whispered World Special Edition
9966,Dead by Daylight
7442,Gods Will Be Watching
5868,Five Nights at Freddy's
5717,Max: The Curse of Brotherhood
5561,F1 2011
4936,Dead Nation
2354,Mirror's Edge Catalyst
990,WORLD OF FINAL FANTASY
22,Farpoint
963218,EA SPORTS FC 24
724095,Peglin
638655,GRID Legends
428555,XCOM: Chimera Squad
427892,RESIDENT EVIL 2 R.P.D. Demo
403795,Tainted Grail
389054,Iris and the Giant
367081,Medieval Dynasty
362860,"Cook, Serve, Delicious! 3?!"
353919,Granblue Fantasy: Versus
349334,Until You Fall
334539,The Legend of Bum-bo
326219,Destroy All Humans! (2020)
287337,Evoland Legendary Edition
244746,Degrees of Separation
61585,Reigns: Game of Thrones
60973,INSOMNIA: The Ark
60685,Swag and Sorcery
59348,Close To The Sun
58115,Masters of Anima
54029,Rush'n Attack (1985)
50567,"Bury me, my Love"
46155,Runner3
45944,Danganronpa V3: Killing Harmony Demo Ver.
43623,Fallout 4: Automatron
36812,MU Online
36523,Myst V: End of Ages
34174,Tom & Jerry
32436,Star Wars: Episode I - The Phantom Menace
31674,KAO the Kangaroo
29069,FIFA 10
28526,Fruit Ninja Kinect
28492,Dead Island
28438,ilomilo
28039,Minecraft: Story Mode — Season Two
26968,Skylanders SWAP Force
23341,Pro Evolution Soccer 2018
21951,Book of Spells
20309,BlazBlue: Continuum Shift Extend
19626,Dropsy
18318,Bleed
17841,Gauntlet Slayer Edition
17417,"Cook, Serve, Delicious! 2!!"
16990,Mount Your Friends
14692,Empire TV Tycoon
14447,Poly Bridge
13038,Red Faction II
11791,Death's Gambit
9844,The Underground Man
6670,Agar.io
4802,Dead Space: Extraction
4175,Ratchet & Clank: Full Frontal Assault
3458,MONOPOLY PLUS
3427,Murdered: Soul Suspect
3300,The Elder Scrolls Online: Tamriel Unlimited
3282,Astebreed
3189,Grow Home
2802,Randal's Monday
2659,Trackmania Turbo
1433,Verdun
1091,Guild of Dungeoneering
715,Steep
701,Solitairica
656,The Little Acre
1003457,S.T.A.L.K.E.R.: Shadow of Chornobyl - Enhanced Edition
962383,The Callisto Protocol: Final Transmission
842395,Disney Dreamlight Valley
801638,Wo Long: Fallen Dynasty
557714,From The Darkness
544024,Root
472315,Forza Motorsport
430311,"Haiku, the Robot"
412478,State of Decay 2: Juggernaut Edition
364975,The Coma 2: Vicious Sisters
362937,Minute of Islands
362928,Song of Horror
349634,Electronic Super Joy 2
332203,Atelier Firis: The Alchemist and the Mysterious Journey
326228,Yooka-Laylee and the Impossible Lair
319152,Signs of the Sojourner
284018,Seek Girl
248481,Sparklite
60004,Zanki Zero: Last Beginning
59700,"Warhammer 40,000: Mechanicus"
59023,Red Faction Guerrilla Re-Mars-tered
55790,Castlevania II: Belmont's Revenge
53801,Dragon Quest II (1987)
53376,Lego Racers 2 (2001)
51322,Extinction
50671,Cultist Simulator
50370,Parkasaurus
49371,Sudoku by Nestor Yavorskyy
45545,Raiden V: Director's Cut
43736,Fallout 4: Nuka-World
43358,Pro Evolution Soccer 2016
42776,Never Alone
42492,Borderlands 2: How Marcus Saved Mercenary Day
41054,Q.U.B.E.
38288,Илья Муромец и Соловей-разбойник
36018,Hellgate: London
35168,Dead to Rights
32236,Toy Story
31070,Evil Dead: Hail to the King
30501,Chip's Challenge
28914,NCAA Football 11
28497,KOF98UM
27991,The Legend of Zelda: Tri Force Heroes
26923,Ben 10 Omniverse
26005,Tales of Monkey Island: Chapter 1
25013,Star Fox Command
23322,Surviving Mars
22820,Populous
22055,Bendy and the Ink Machine
18712,Dear Esther
16002,ISLANDS: Non-Places
12890,Stronghold Crusader 2
12756,"Warhammer 40,000: Space Marine"
12241,Oceanhorn: Monster of Uncharted Seas
11352,Masquerada: Songs and Shadows
9794,The Universim
5950,Oddworld: Munch's Oddysee (1997)
5808,PewDiePie: Legend of the Brofist
4398,Bejeweled 3
3977,Magic: The Gathering 2014 — Duels of the Planeswalkers
2532,ARCADE GAME SERIES: PAC-MAN
2408,Blue Estate
2343,Wizorb
1435,Doodle Devil
1225,Warhammer: End Times - Vermintide
842,Call of Duty: Advanced Warfare
283,Suikoden IV
979524,Content Warning
732421,Hyperbolica
719623,Internet Cafe Simulator 2
674333,"Peace, Death! 2"
669363,Dagon: by H. P. Lovecraft
650664,Aeterna Noctis
611593,Hokko Life
564763,"Pokémon Brilliant Diamond, Shining Pearl"
507192,In Silence
485010,Mass Effect: Andromeda Deluxe Edition
364811,The Eternal Cylinder
351769,Explore Fushimi Inari
327246,Commandos 2 - HD Remaster
294121,Metal Gear Acid
62499,Trüberbrook – A Nerd Saves the World
60550,Good Company
60474,DEAD OR ALIVE 6
58820,Shenmue I & II
57007,Dragon: The Bruce Lee Story
56110,Marvel Nemesis: Rise of the Imperfects
46657,OPUS: Rocket of Whispers
46471,Vaporum
44818,Eagle Island
38438,Battlefield Heroes
37384,Xenus II: White Gold
34902,Boiling Point: Road to Hell
29696,Tom Clancy's Ghost Recon: Desert Siege
29205,Matterfall
29089,Kinect Adventures!
28923,Naruto The Broken Bond
25986,Harry Potter and the Half-Blood Prince
25288,Bee Movie Game
24901,Wii Play
23292,Terroir
22901,Cannon Fodder 2
21543,Max and the Magic Marker
21083,The Graveyard
20760,FINAL FANTASY XIII
20756,Disciples III: Reincarnation
19600,Far Cry 2
19277,F1 2010
19236,Majesty 2 Collection
18769,Dead Secret
17808,Thirty Flights of Loving
17365,One Piece Pirate Warriors 3
16740,Delta Force: Land Warrior
16700,The Night of the Rabbit
15314,Train Valley
14582,Messiah
13639,Neon Drive
13031,Blood & Gold: Caribbean!
11950,ICEY
10132,RPG Maker VX Ace
9972,Downward: Enhanced Edition
9714,PULSAR: Lost Colony
9706,Paranormal Activity: The Lost Soul
6627,The Solus Project
3697,Serious Sam 3: BFE
2674,EA SPORTS UFC 2
2490,Alienation
2298,Deadlight: Director's Cut
2123,Among the Sleep
1377,Pako - Car Chase Simulator
200,2Dark
857784,The Excavation of Hob's Barrow
840776,Lords of the Fallen
813543,Gwent: Rogue Mage
807062,Kaiju Princess
783059,Mon Bazou download free[Preinstalled]
723956,Warm Snow
704789,Sonic Frontiers
683246,Hero's Hour
678592,A Memoir Blue
627635,Tandem: A Tale of Shadows
619344,Stranger of Paradise: Final Fantasy Origin
608701,Torn Away
605348,Friday Night Funkin' Character Test Playground Remake
586060,GetsuFumaDen: Undying Moon
582570,Sarvente & Ruv (test)
452644,Goodbye Volcano High
442864,PGA TOUR 2K21
391400,Drake Hollow
377011,Terminator: Resistance
330379,Asphalt 7: Heat
319120,art of rally
309738,Partisans 1941
306137,Angelo and Deemon: One Hell of a Quest
279587,Agent A
61022,Super Seducer 2: Advanced Seduction Tactics
60028,Age of Wonders: Planetfall
59227,Fist of The North Star: Lost Paradise
58739,The Getaway
55987,Billy Hatcher and the Giant Egg (2003)
53660,The Addams Family
53173,Strider (1989)
42570,Borderlands 2: Headhunter 5 - Sire Hammerlock Versus the Son Crawmerax
42032,DmC: Devil May Cry - Vergil's Downfall
40274,Ben 10 Ultimate Alien: Cosmic Destruction
36941,Caesar 4
36027,DreamWorks' Shark Tale
35972,NBA Live 2005
32498,Test Drive Off-Road 2
28866,NHL 08
28715,NHL 09
23937,Yoshi Touch & Go
22812,Sid Meier's Alpha Centauri Planetary Pack
21564,Pilot Brothers 3: Back Side of the Earth
20775,Intake
19379,Super House of Dead Ninjas
19370,Men of War: Red Tide
19173,The 11th Hour
19170,Tex Murphy: Overseer
19103,Half-Life 2: Lost Coast
18630,Quest for Glory 1-5
18308,Super Cyborg
18184,Company of Heroes: Opposing Fronts
18159,Party Hard Tycoon
18000,King's Bounty: Dark Side
17909,Clandestine
17874,Double Dragon: Neon
17765,Expeditions: Conquistador
17376,Might & Magic: Heroes VI
17352,Killing Floor
17077,Pirates of the Caribbean: At World's End
15967,Call of Duty: Advanced Warfare - Gold Edition
15848,Cities XXL
15599,Freedom Fall
14864,Sonic Spinball
14760,Halfway
14544,Bridge Constructor Medieval
14196,IMSCARED
13208,TrickStyle
12668,Hyperdimension Neptunia Re ; Birth3 V Generation
12428,Sisyphus Reborn
11665,SpellForce 2 Anniversary Edition
11381,Abandon Ship
10839,Under Leaves
10817,Bridge Constructor Playground
10333,Salt
10301,Dead Island: Riptide Definitive Edition
5883,Gunman Clive
5369,Brain Challenge
5327,Bomberman ULTRA
3731,Sonic Unleashed
3685,Monster Monpiece
2317,PAC-MAN 256
626,Powerstar Golf
308,Chime Sharp
978351,SUMMERHOUSE
961199,Metal Gear Solid Master Collection Vol. 1
960687,Mechabellum
844359,F1 Manager 2022
765031,Lust Academy - Season 1
736281,Mandragora: Whispers of the Witch Tree
707257,Aspire: Ina's Tale
683170,Hourglass
681515,Hacker Simulator
650620,Silt
625752,Robolife-Days with Aino
611699,College Bound - Episode 1
607352,Stonefly
581213,Intravenous
511723,Dead Estate
507203,G String
461779,Atelier Ayesha: The Alchemist of Dusk DX
432477,Fallout 76: Wastelanders
349677,Aperture Hand Lab
349248,1000 days to escape
345121,Might & Magic Clash of Heroes
330920,Chili Con Carnage
330757,Modern Combat: Sandstorm
330366,Wolfenstein RPG
323125,Still There
319112,Far Cry 5 - Hours of Darkness
302940,The Great Perhaps
276647,Dynasty Warriors 3
258390,Evil Bank Manager
247058,Rebel Galaxy Outlaw
236716,Deadside
216311,Ary and the Secret of Seasons
63036,Plane Mechanic Simulator
62657,Bloodroots
61224,The Bradwell Conspiracy
59707,Aground
58390,FOX n FORESTS
57939,Twisted Metal: Small Brawl
54673,The King of Fighters 2001
54137,Werewolf: The Last Warrior
53527,Shark Tale
53419,Metal Slug Advance
53259,Dragon Ball Z: Supersonic Warriors
52641,2002 FIFA World Cup
52566,Pooyan
52476,Warlords (1980)
51882,STAY
51335,Omensight
49328,Nights of Azure 2: Bride of the New Moon
49022,Sigi - A Fart for Melusina
47832,Summoners War
47396,My Memory of Us
45109,Maneater
44990,All-Star Fruit Racing
44194,Tokyo Xanadu
44030,Pinball FX3
40746,RuneScape
40662,ArmA II: British Armed Forces
40526,Atelier Iris 2: The Azoth of Destiny
40337,Cities XL 2011
37441,SpellForce 2: Dragon Storm
37039,Pac-Man World Rally
36876,Alien Shooter: The Experiment
34977,CSI: Crime Scene Investigation
32448,Dracula: Resurrection
30117,The City of Lost Children
30003,Home Alone
29497,Quest for Glory 5: Dragon Fire
29431,Ultima VII Part 2: Serpent Isle - The Silver Seed
29207,Zombie Panic! Source
28626,Plants vs Zombies Garden Warfare
28475,DEAD RISING 2: CASE WEST
28414,FIFA 12
28318,Blacksite
26637,Rango
26118,SpongeBob's Truth or Square
25236,NBA Live 08
23494,Fidel: Dungeon Rescue
22597,Darksiders III
21822,Trials 2: Second Edition
21662,Fatale: Exploring Salome
21616,A.I.M.2 Clan Wars
20612,Hotline Miami 2: Wrong Number Digital Comic
20568,X-COM: Terror From the Deep
19619,Freedom Force
19607,RISK: Factions
19518,The Maw
17760,Mighty Switch Force! Hyper Drive Edition
17606,Ace Combat Assault Horizon - Enhanced Edition
17067,Draw a Stickman: EPIC 2
16551,35MM
14071,Rise of Venice
12904,Sublevel Zero
12040,IL-2 Sturmovik: Battle of Stalingrad
11736,WolfQuest
11511,Nancy Drew: Labyrinth of Lies
11486,Choice of the Deathless
11159,Shelter 2
10611,Full Metal Furies
9538,theHunter: Call of the Wild
8368,Braveland Wizard
7518,Kinect Sports Rivals
7019,Dark Arcana: The Carnival
5685,The King of Fighters XII
4606,From Dust
4177,Virtua Fighter 2
4156,Earth Defence Force 3 Portable
4061,Army of Two: The Devil’s Cartel
2397,Shadow Blade: Reload
2112,Nightmares from the Deep: The Cursed Heart
2072,Layton Brothers: Mystery Room
2068,INVERSUS
1854,Costume Quest
1463,Mutant Mudds
1337,Mahjong
1277,VIDEOBALL
988944,TCG Card Shop Simulator
983214,Atomfall
980583,Repair this!
916471,Hotel Renovator
799276,Spacelines from the Far Out
772682,Way of the Hunter
745841,Workshop Simulator
711059,Christmas Massacre
705698,Rumbleverse
690824,My Little Universe
672398,Ultimate Epic Battle Simulator 2
651109,The Lightbringer
615092,Out of Line
602333,Succubus Cafe
553088,Speed Limit
505917,Promesa
491009,No Umbrellas Allowed
430265,The Escaper
428799,Super Mega Baseball 3
427877,Shieldwall
422855,Dread Nautical
395175,Diablo III: Rise of the Necromancer
376107,Skate City
370240,Hot Brass
368161,Okaeri
368145,Our Life: Beginnings & Always
362830,Uncharted Tides: Port Royal
357828,Dungeon Siege: Throne of Agony
318358,Kyouryuu Sentai Zyuranger
316873,Wanking Simulator
309765,Taboos: Cracks
306154,Lair of the Clockwork God
302369,Neon Abyss
292054,Blush Blush
288552,Blade II
280639,嗜血印 Bloody Spell
265333,Cattails
259827,Out of Space
76640,Game of Sultans
72692,Glow Hockey
63393,Mars Horizon
63211,The Tower of Beatrice
62897,The Beast Inside
60843,Dawn of Man
60806,Elsinore
60796,Double Cross
60531,PLAYNE: The Meditation Game
58607,Hexologic
57863,The Elder Scrolls Online: Collection
57773,The Simpsons Wrestling
57603,Mega Man X6
57561,Uniracers
55631,The Simpsons
55524,Legend
55472,Mick & Mack as the Global Gladiators
55012,Empire
54581,Karateka (1985)
54457,NBA Live 99
54116,Trojan
53677,ALIEN³
53639,The Bugs Bunny Crazy Castle(GB)
53555,SpongeBob SquarePants: Revenge of the Flying Dutchman
52697,Azure Dreams GB
52437,Moon Patrol
52415,Defender
52114,DISSIDIA FINAL FANTASY OO
50694,Freddy Fazbear's Pizzeria Simulator
46952,You Must be 18 or Older to Enter
46921,Mutant Football League
46220,Scorn
45424,The Adventure Pals
45301,1bitHeart
44996,Descenders
43687,Hitman - Episode 2: Sapienza
43516,Equilinox
42388,Life Goes On
42282,Destiny: The Dark Below
42050,Mass Effect 3: Rebellion Pack
40014,Borderlands: The Secret Armory of General Knoxx
32694,Knight Rider: The Game
31636,Chex Quest
31479,Creatures
28481,Prizefighter
27905,Team Kirby Clash Deluxe
27367,Pokémon Bank
27265,Project X Zone
27061,Fishdom
25428,Spelunker
25112,Spectrobes
24990,Super Monkey Ball: Touch & Roll
23758,Mario & Luigi: Paper Jam
23058,Al-Qadim: The Genie's Curse
22976,DROD 4: Gunthro and the Epic Blunder
22888,Screamer 2
21347,FATE: The Cursed King
21258,Dynomite Deluxe
20853,Acceleration of SUGURI X-Edition HD
20648,Pink Hour
19584,Risen 2: Dark Waters
19241,Hearts of Iron 2 Complete
19171,Tex Murphy: The Pandora Directive
17362,Harmonia
17355,Midsummer Night
17094,Dungeons of Dredmor
16162,Creeper World: Anniversary Editon
15392,Big Pharma
15276,No Time To Live
15205,Nexus - The Jupiter Incident
13059,Feel The Snow
12881,Belko VR: An Escape Room Experiment
12614,Sundered
11443,Another Brick in the Mall
11120,hackmud
11018,STASIS
10799,Red Death
10552,Meadow
10332,Reflection of Mine
10247,htoL#NiQ: The Firefly Diary
10149,Karnage Chronicles
9450,Furious Angels
6459,Candy Crush Saga
6321,Lumino City
6305,Prince of Persia The Shadow and the Flame
6032,Enigmatis 2: The Mists of Ravenwood
5877,Back to the Future: The Game
5783,FIFA 14
5384,Supersonic Acrobatic Rocket-Powered Battle-Cars
5239,Cloudy with a Chance of Meatballs
4582,Eufloria
4391,Disney Universe
3985,Dungeons & Dragons: Chronicles of Mystara
3884,Valhalla Knights 3
3560,NBA 2K15
3518,Toybox Turbos
3307,The Escapists
3173,EA SPORTS NHL 16
3159,Thief Town
3117,Just Dance 2016
2778,Surgeon Simulator
2623,Resident Evil 6
2391,Primal
1505,Monochroma
1142,PlayStation VR Worlds
787,HoloBall
559,Fallout Shelter
207,Darknet
160,Junk Jack
153,FINAL FANTASY Record Keeper
3,Toto Temple Deluxe
939815,Big Ambitions
892220,Valiant Hearts: Coming Home
861287,Need for Speed Unbound
779917,Please Fix The Road
711092,Motor Town: Behind The Wheel
683183,Sword and Fairy 7
614965,Jurassic World Evolution 2
563420,Hot Wheels Unleashed
386525,Urtuk: The Desolation
350776,The Story of Henry Bishop
336810,Borderlands 2: Commander Lilith & the Fight for Sanctuary
319143,Killsquad
311665,Super Neptunia RPG
302373,DEAD OR ALIVE 6: Core Fighters
301528,Dreamscaper
254604,Spellcaster University
62783,Necrobarista
60953,Tech Support: Error Unknown
58394,Horizon Chase Turbo
58076,Ash of Gods: Redemption
57879,Octahedron
52409,Combat (1977)
50755,My Big Sister
50732,World War Z (2019)
50503,L.A. Noire: The VR Case Files
43541,Assassin's Creed Syndicate: Jack the Ripper
41392,Kingdoms of Amalur: Reckoning - Teeth of Naros
40522,ArmA II: Private Military Company
37923,Sam & Max: 104 - Abe Lincoln Must Die!
36357,Soldat
36091,Петька 5: Конец игры
34801,Enter the Matrix
31952,Space Quest 2: Vohaul's Revenge
30539,Grand Theft Auto Mission Pack: London 1969
28964,James Bond 007: Blood Stone
28730,2010 FIFA World Cup
28311,Panzer General
28170,Material Girl
21736,Unreal Gold
20271,Darkness Within 2: The Dark Lineage
19426,Aviary Attorney
19381,Cities in Motion
18795,Tales of Monkey Island Complete Pack: Chapter 3 - Lair of the Leviathan
16761,Stick it to The Man!
16544,Super Win the Game
15678,Shadows: Heretic Kingdoms
13504,Eldritch
13348,Don't open the doors!
12024,Insurgency
11819,Bloody Trapland
11009,State of Mind
10128,Toukiden 2
5873,The 7th Guest
5662,Splatterhouse (1989)
5636,Rage
5322,Warriors Orochi 2
5319,Driver '76
4882,Lara Croft and the Guardian of Light
4679,Tom Clancy's Ghost Recon Advanced Warfighter 2
4418,I Am Alive
4031,Dead Island Riptide
3958,Dynasty Warriors 8
3879,Angry Birds Trilogy
3712,Cel Damage HD
3502,Monopoly Family Fun Pack
2229,Carmageddon: Max Damage
2136,Headlander
1060,DRIVECLUB VR
838,MARVEL Contest of Champions
766,Warframe
625,Puzzle Quest 2
510,Fieldrunners 2
20,WET
973401,LEGO Fortnite
959748,Otxo
830030,Thirsty Suitors
586195,Lost Ruins
521738,SuchArt: Genius Artist Simulator
480743,Little Orpheus
367056,Help Will Come Tomorrow
339241,Rexaura
330452,N3: Ninety-Nine Nights
272509,Skater XL
244732,Tony Hawk's Project 8
59869,Roundguard
53341,Jet Set Radio
46670,LAYTON'S MYSTERY JOURNEY: Katrielle and the Millionaires' Conspiracy
45455,Super Lucky's Tale
37369,The Ship
32071,Doom 2D
29176,Fallout 4 VR
28040,The Swords of Ditto
26188,Resident Evil: The Darkside Chronicles
22104,Fort Triumph
19240,Europa Universalis III Complete
18336,Alan Wake's American Nightmare
17716,MISSING: An Interactive Thriller - Episode One
17666,Dead Rising 3 Apocalypse Edition
17634,Off-Road Drive
17528,Chronology
16612,NEKOPARA Vol. 0
15997,Scania Truck Driving Simulator
15964,Joe Dever's Lone Wolf HD Remastered
14793,Hammerwatch
12006,Judgment: Apocalypse Survival Simulation
9055,Zenge
8042,A Good Snowman Is Hard To Build
6315,Yesterday
5711,The Incredible Adventures of Van Helsing
5452,WarHawk
5308,Star Wars: Battlefront Renegade Squadron
5220,Mortal Kombat: Unchained
3729,LEGO The Hobbit
3515,Pro Evolution Soccer 2015
3015,Chivalry: Medieval Warfare
2184,Moon Hunters
1157,Tumble VR
905,RONIN
582,Dex
989805,SCP:NEXUS
966216,Palia
881223,ZERO Sievert
802256,SpellForce: Conquest of Eo
694432,Genkai Tokki: Moero Chronicle
681398,Farming Simulator 22
667651,War Mongrels
637477,Splitgate
589102,Dread Hunger
502212,Virtual Cottage
494486,Siege Survival: Gloria Victis
494391,Myst (2021)
485188,Surviv.io - Battle Royale
462248,Baldi Basics Trap Out Of Control Created By TheWizardRoyal
450239,Kingdoms of Amalur: Re-Reckoning
428053,Rain on Your Parade
427764,Yokai's Secret
427519,Amnesia: Rebirth
396867,Battlefield 1: They Shall Not Pass
387339,DEEMO -Reborn-
368992,Young Souls
368954,F1 Race
331090,Gal*Gun: Double Peace
316860,Fury Unleashed
301518,Himno
286579,Last Oasis
233858,God Eater 3
62997,Dude Simulator 2
62381,Star Renegades
61377,The Stillness of the Wind
60547,Fox Hime Zero
60162,A Light in the Dark
59200,PRO EVOLUTION SOCCER 2019
58928,EA SPORTS NHL 19
58086,LEGO The Incredibles
57912,Commando
57668,Revelations: Persona
57014,Ecco Jr. (1995)
53621,Ty the Tasmanian Tiger 2: Bush Rescue
52571,Q*bert
50119,Boyfriend Dungeon
47344,Princess.Loot.Pixel.Again x2
47136,WARRIORS ALL-STARS
44847,A Robot Named Fight!
43494,FNaF World
42569,Borderlands 2: Mad Moxxi and the Wedding Day Massacre
42233,Dead Rising 3
38567,Mabinogi
36498,Ancient Wars: Sparta
36377,Darkness Within: In Pursuit of Loath Nolder
36331,Chrome: SpecForce
32903,Pool of Radiance: Ruins of Myth Drannor
30369,Klax
29568,Harbinger
28883,NHL 10
28301,Tower Bloxx Deluxe
25322,Link's Crossbow Training
24392,Bejeweled 2
22743,Earth 2140 Trilogy
22403,Warfare
19966,Grim Legends 2: Song of the Dark Swan
19651,IL-2 Sturmovik Birds of Prey
19383,Journal
19288,Chantelise: A Tale of Two Sisters
18852,Poker Night at the Inventory
18279,Puzzler World
17728,Risen 3: Titan Lords
16025,eden*
15916,Minecraft: Story Mode
14951,SHOCK TROOPERS 2nd Squad
12180,12 Labours of Hercules V: Kids of Hellas (Platinum Edition)
12157,POSTAL Redux
11434,Viscera Cleanup Detail: Santa's Rampage
11423,Wulverblade
10364,911 Operator
10110,Conarium
10029,Get Even
9901,Dig or Die
9751,Narcosis
9733,Zombie Night Terror
6010,Gravity Guy
5657,Skylanders Spyro's Adventure
4229,Ragnarok Odyssey
3892,Sniper Elite V2
3017,Just Cause 3
2899,Mimpi Dreams
1892,Nihilumbra
431,King's Quest
965258,Expeditions: A MudRunner Game
949868,The Murder of Sonic the Hedgehog
812168,Escape the Backrooms
799266,Zenless Zone Zero
761451,McPixel 3
616679,Trek to Yomi
613573,Muck
384491,Surviving the Aftermath
375285,Voidtrain
272848,Rebel Inc.
251525,Project Winter
236801,Encased: a sci-fi post-apocalyptic RPG
63845,Tails Noir
59361,Drakengard
57180,Sonic Spinball (1993)
50095,Shadow Fight 3
46080,Fell Seal: Arbiter's Mark
41796,Borderlands 2: Sir Hammerlock’s Big Game Hunt
41607,Farming Simulator 2013
41590,Batman: Arkham City - Harley Quinn's Revenge
41510,Lone Survivor
39503,Fallout 3: Mothership Zeta
37026,Shrek SuperSlam
28784,Dark Messiah of Might & Magic: Elements
28573,Hydro Thunder
28275,The Dishwasher
27912,KAMIKO
22626,Production Line
20801,Kult: Heretic Kingdoms
19412,Gish
18185,Company of Heroes: Tales of Valor
17090,DLC Quest
17025,The Way
16209,Kingdom: Classic
14974,Rome: Total War - Alexander
14731,Through the Woods
13339,They Bleed Pixels
13035,12 is Better Than 6
12893,Hard West
11128,8-Bit Armies
10079,Party Panic
6608,Westerado: Double Barreled
4815,Auditorium
4691,EA SPORTS MMA
4675,Magic: The Gathering - Duels of the Planeswalkers 2012
4266,The House of the Dead: OVERKILL Extended Cut
4254,One Piece: Pirate Warriors
4026,Soul Sacrifice
3980,Pool Nation
3264,EA SPORTS Rory McIlroy PGA TOUR
2869,Saturday Morning RPG
2281,STAR OCEAN: INTEGRITY AND FAITHLESSNESS
1539,White Night
1108,Manual Samuel
710,Surgeon Simulator: Experience Reality
993142,SUPERVIVE
974828,Enshrouded (2024)
971724,Wedding Witch
962678,Hammerwatch II
961859,Sonic Superstars
928808,Birth
919748,[Chilla's Art] The Karaoke | ヒトカラ🎤
857624,BREWMASTER: BEER BREWING SIMULATOR
850691,Atelier Ryza 3: Alchemist of the End & the Secret Key
844458,"El Paso, Elsewhere"
775904,10 Minutes Till Dawn
736275,Disney Speedstorm
729286,Atelier Sophie 2: The Alchemist of the Mysterious Dream
720950,Martial Law
681396,Propnight
641802,Симулятор Прыгания по Гаражам
546464,FIFA 22
528836,Cloud Climber
463727,Devolverland Expo
413881,MotoGP 20
392300,TAISHO x ALICE episode 1
390532,Mega Man 64 (2001)
387248,Vaporum: Lockdown
382708,FINAL FANTASY XV: EPISODE GLADIOLUS
375279,Little Big Workshop
373600,Book of Travels
353492,Hello Neighbor Alpha 1
327227,Outriders
326988,Devolver Bootleg
313808,Streamer's Life
309756,Anniversary Collection Arcade Classics
308096,Tenderfoot Tactics
290066,Coloring Game
289935,Fallout 4 - Vault-Tec Workshop
277913,Fatal Frame: Mask of the Lunar Eclipse
272427,Lightmatter
267258,Crow: The Legend
267219,Dirge of Cerberus: Final Fantasy VII
264722,Disney's Treasure Planet
262619,My Talking Tom 2
249941,The Last Remnant Remastered
244724,Mario & Sonic at the Olympic Games
216298,Iris.Fall
61137,Them & Us
58993,Candle: The Power of the Flame
58811,The Sinking City
58741,The Great Escape (2003)
58105,Shadowgun Legends
58026,Choplifter
57046,Generations Lost
55291,NHL 96
54374,Cruis'n Exotica
52459,Steeplechase
52035,Indecision.
51293,Troubleshooter
51143,Eden Rising - Supremacy
48432,Ice Age Village
46927,Fox Hime
45998,Juniper's Knot
42744,Thinking with Time Machine
41785,One Piece: Pirate Warriors 2
41515,The Sims 3: Diesel Stuff
40252,Scooby-Doo! and the Spooky Swamp
39785,Robert Ludlum's The Bourne Conspiracy
38737,Wallace & Gromit's Grand Adventures Episode 1 - Fright of the Bumblebees
38417,Power Rangers: Super Legends
35369,Tribes: Vengeance
34878,Knights of the Temple: Infernal Crusade
32796,WCW Nitro
31876,Bad Dudes
31572,MegaRace 2
31276,NBA Live 2000
30267,Largo Winch: Empire under Threat
29886,Pushover
29259,Remothered: Tormented Fathers
28453,DAH! Path of the Furon
28355,Dance Central
25752,Club Penguin: Elite Penguin Force
25347,"Warhammer 40,000: Squad Command"
25190,Madden NFL 08
24789,Assassin's Creed Altaïr's Chronicles
22882,Defender's Quest
22792,The Temple of Elemental Evil
21841,Trailer Park Boys: Greasy Money
20928,Luxor HD
20379,X: Tension
19876,Murder
19398,Lost Horizon 2
18777,Sam & Max: 106 - Bright Side of the Moon
18133,CABAL Online
17587,Men of War: Condemned Heroes
17586,Knights of Pen and Paper +1 Edition
17271,Negligee
17222,hocus
16610,Love at First Sight
16596,Expand
16453,Sniper Elite: Nazi Zombie Army
16381,The Incredible Adventures of Van Helsing III
16360,Lost Grimoires: Stolen Kingdom
15812,Time Rifters
15070,Mystik Belle
14621,Basement
14115,Lifeless Planet Premier Edition
13752,Patchwork
13682,Sorcery! Part 3
10514,Master of Orion
10153,The Franz Kafka Videogame
9962,Duelyst
9651,Domina
7728,The Westport Independent
5622,Marvel Super Hero Squad: The Infinity Gauntlet
5131,PixelJunk Shooter
4298,Papo & Yo
3937,Mars: War Logs
3649,DYNASTY WARRIORS: Gundam Reborn
3090,Need for Speed
2855,Nitroplus Blasterz: Heroines Infinite Duel
1920,Devious Dungeon
1739,Heart&Slash
1690,SimCity BuildIt
1087,The Brookhaven Experiment
901,EARTH'S DAWN
487,Lies Of Astaroth
14,Tetrobot and Co.
635221,Company of Heroes 3
427733,Kill It With Fire
375282,Total War Saga: TROY
362895,Internet Cafe Simulator
337023,The Complex
327244,Trials of Mana Remastered
327202,Evil Genius 2 World Domination
319155,She Sees Red
244869,Visage
84067,Pou
59146,Altered Beast (2005)
59035,The World Next Door
58725,Twin Mirror
53129,Altered Beast (1988)
49941,MONMUSU
47381,60 Parsecs!
45265,The Metronomicon: Slay the Dance Floor
41661,CYPHER
36029,Commandos: Strike Force
31838,Ядерный титбит
28411,Afro Samurai
28356,Castlevania HD
23037,Victor Vran
22346,Cinderella Phenomenon - Otome/Visual Novel
19284,Fallout Tactics: Brotherhood of Steel
18555,Planetbase
17980,X3: Reunion
17860,Hocus Pocus
15764,Gorky 17
15404,Hyperdimension Neptunia Re ; Birth2 Sisters Generation
14385,Godot Engine
14237,Sniper Elite
11513,STAR WARS: Rebel Assault I + II
9671,Rust
5970,SAMURAI SHODOWN II
4529,de Blob 2
3580,FIFA 15
3353,RISK
2295,Asemblance
2222,Song of the Deep
2037,Trials of the Blood Dragon
1235,Temple Run
955,Blackwood Crossing
194,Styx: Shards of Darkness
174,Death Squared
966344,The Lamplighters League
901611,No More Money - Season 1
868127,Backrooms: Escape Together
846499,Shatterline
804850,Asterigos: Curse of the Stars
799247,Assassin's Creed Valhalla - Dawn Of Ragnarok
686809,House Builder
669261,Voice of Cards: The Isle Dragon Roars
622652,Police Simulator: Patrol Officers
622517,Dark Deity
605600,Essays on Empathy
496959,free fire
481889,The Riftbreaker: Prologue
392384,Necesse
391401,Last Stop
327208,Zombie Army 4: Dead War
290051,Mass Effect Infiltrator
288586,Atomicrops
280703,Vampire's Fall: Origins
274767,Far Cry New Dawn
241056,Dark Deception
60180,The Executioner
58771,PLANET ALPHA
58763,Battletoads (2020)
57042,Gain Ground (1991)
56009,Conflict: Desert Storm II
55808,Final Fantasy Adventure
55193,Virtua Fighter
54875,Pokémon Puzzle Challenge (2000)
52990,Ghost in the Shell
52337,Them's Fightin' Herds
51177,Leisure Suit Larry - Magna Cum Laude Uncut and Uncensored
49755,South Park: Phone Destroyer
49236,Despotism 3k
46393,Idle Bouncer
46287,Lake Ridden
44187,The Long Reach
43652,Assassin's Creed Syndicate: The Last Maharaja
43534,Where the Water Tastes Like Wine
42051,Mass Effect 3: Resurgence Pack
41498,Need for Speed: Most Wanted - A Criterion Game
38808,"Penny Arcade Adventures: On the Rain-Slick Precipice of Darkness, Episode Two"
35616,Moorhuhn X
34601,Infernal
28286,E4
28126,FIFA 18
25487,DIG DUG
21654,Stalingrad
21608,Moorhuhn (Crazy Chicken)
21034,Beijing 2008 - The Official Video Game of the Olympic Games
19697,Perimeter: Emperor's Testament
19642,Five Nights at Freddy's 4
19249,Ecco the Dolphin
19072,NAM
19051,Requiem: Avenging Angel
18086,Darkness Within 1: In Pursuit of Loath Nolder
18001,X2: The Threat
17007,YOU DON'T KNOW JACK Vol. 2
16152,GUN GODZ
15351,Swordbreaker The Game
14950,SHOCK TROOPERS
14696,Broken Sword 4 - The Angel of Death
14417,the static speaks my name
14072,Tropico 3
14001,Penumbra: Requiem
13879,Hearthlands
12988,Ninja Blade
12138,"Slice, Dice & Rice"
11484,Wolcen: Lords of Mayhem
10670,Bigscreen Beta
10096,3DMark
9786,Offworld Trading Company
9593,Super Cloudbuilt
7594,Concrete Jungle
6313,FOTONICA
3618,Disgaea 4: A Promise Revisited
3163,Blood Bowl 2
2764,Agatha Christie - The ABC Murders
1614,Catan
1331,Hot Shots Tennis
758,Hue
833436,LEGO Bricktales
670689,Life is Strange: True Colors - Wavelengths
576518,MLB 21: The Show
463723,Far Cry 6
444382,The Last Faith
347532,Ninjala
316855,Half-Life 2: Downfall
270769,SYNTHETIK: Arena
67508,Microsoft Solitaire Collection
64143,Etherborn
61290,Factory Town
61061,The Blackout Club
60551,Undead Horde
56380,Castle Wolfenstein
53240,Chicken Little
52856,Dead or Alive
44741,"Warhammer 40,000: Inquisitor - Martyr"
44585,Mana Spark
42714,Magic: Duels of the Planeswalkers 2015
40205,Tom Clancy's H.A.W.X. 2
37337,Alone in the Dark (2008)
26546,Wheel of Fortune
24935,X-Men: The Official Game
23659,Last Day of June
19609,Lost Planet 2
17835,Fantasy Wars
17602,The Magic Circle
16778,BIT.TRIP FLUX
14788,Lords of Xulima
14154,DeadCore
14004,Tom Clancy's Ghost Recon Island Thunder
13498,EVE Online
12279,Tomb Raider V: Chronicles
10751,Legends of Eisenwald
10702,Block'hood
10370,EVERSPACE
9989,"I Have No Mouth, and I Must Scream"
9697,Alien Swarm: Reactive Drop
5565,F.E.A.R. 3
4796,Stacking
4499,Sports Champions
4363,VIRTUA FIGHTER 5 FINAL SHOWDOWN
3586,Fairy Fencer F
2662,Paragon
2255,7 Days to Die
845261,Assassin's Creed Mirage
471025,Avowed
331809,Dragon Ball Z: Burst Limit
319111,Far Cry 5 - Lost On Mars
295019,GreedFall
223331,The Walking Dead: Michonne
62069,Train Station Renovation
51418,The Mercury Man
51209,Blade Runner 9732
50919,Marie's Room
49079,STAR OCEAN - THE LAST HOPE - 4K & Full HD Remaster
29204,Knack 2
22067,Trailmakers
19508,The Baconing
19416,X: Beyond the Frontier
19046,IL-2 Sturmovik: 1946
18143,Zen Bound 2
16293,GemCraft - Chasing Shadows
15317,Shadow Warrior
14448,Giants: Citizen Kabuto
12720,Teeworlds
11932,Infra
11329,Space Pirate Trainer
11044,Car Mechanic Simulator 2015
9875,Hot Lava
9690,Pinstripe
9283,Bulb Boy
4573,PAYDAY The Heist
4111,Lord of the Rings: War in the North
3834,Contrast
3416,Zombie Army Trilogy
3368,Titan Souls
3223,Everybody's Gone to the Rapture
3200,Amnesia: Memories
2042,Organ Trail: Director's Cut
1999,Retro City Rampage DX
1077,Teslagrad
981,Rise & Shine
957,The Amazing Spider-Man
783,Amnesia: Collection
37,Star Trek: Bridge Crew
1003391,S.T.A.L.K.E.R.: Call of Prypiat - Enhanced Edition
995881,CRUEL
987039,Supermarket Together
964330,F1 Manager 2023
962017,The Precinct
961272,CONVERGENCE: A League of Legends Story
928749,Projekt: Passion
923013,Infection Free Zone
871283,STAR OCEAN THE DIVINE FORCE
844477,Cryptmaster
844372,Chenso Club
791642,MY LITTLE PONY: A Maretime Bay Adventure
774709,Survival: Fountain of Youth
772680,Best Month Ever!
761348,Terraformers
752065,With You
732437,Potion Permit
705347,Slitterhead
704780,Cleo - a pirate's tale
681570,Demon Turf
679260,Baldi exe mod menu android
638797,Frostpunk: Complete Collection
586197,Happy Game
586153,Goose Goose Duck
586065,100 hidden cats
576504,A Space for the Unbound - Prologue
556702,Lemon Cake
530345,Tchia
514900,BloodRayne 2: Terminal Cut
514895,Ocean's Heart
505911,Contraband Police: Prologue
502138,The Solitaire Conspiracy
500632,9 Monkeys of Shaolin: Prologue
490752,Riders Republic
485095,Mosaique Neko Waifus 3
481924,Nickelodeon Kart Racers 2: Grand Prix
481901,GONNER2
463651,Alvin and the DEATHMUNKS
460461,Mega Man: The Power Battle
457912,My Sims
457900,Cartel Tycoon
456853,Syobon Action
447829,Desperados III Demo
445391,Hot Girl Summer Pool Party
442869,Island Saver
441738,The Ascent
430301,She Will Punish Them
428564,Crysis Remastered
428007,My Cute Fuhrer
427975,Horizon's Gate
407598,Learn to Fly 2
394400,Tomb Raider: Underworld - Lara's Shadow
384490,Frostpunk: The Rifts
379603,Valakas Story
374566,NHL 20
367153,Spacebase Startopia
359291,Builder Simulator
349937,FlowScape
349492,Sweet Dream Succubus - Nightmare Edition
349367,Before We Leave
330459,LEGO Creator
323058,Kingdom Come: Deliverance - A Woman's Lot
311789,Deponia Collection
310852,Drift86
292826,Fester's Quest
286477,FORTIFY (RTK)
286474,Narita Boy
281878,Streets of Red: Devil's Dare Deluxe
267819,OGame
262966,Epic Seven
249983,HALF DEAD 2
248417,The Watson-Scott Test
246692,Prince of Persia: Escape
234042,Wenjia
133350,Snow Runner
62686,Creepy Road
62519,THE KING OF FIGHTERS '97 GLOBAL MATCH
62515,OVERWHELM
62131,Prime Mover
61408,Kynseed
60654,Lucah: Born of a Dream
60567,Circle Empires
60156,Futanari Quest
59641,Levelhead
58327,The Bard's Tale IV: Barrows Deep
57970,Warpath: Jurassic Park
57929,Mario Golf: Advance Tour
57867,HITMAN - Spring Pack
57860,Threads of Fate (1999)
57804,Street Fighter EX2
57527,Super R-Type (1991)
57479,The Simpsons: Bart's Nightmare
56803,Star Trader
56135,Naruto: Clash of Ninja
55054,King's Quest IV
55016,Fantasy World Dizzy
54855,Mega Man Xtreme
54281,MegaRace
53905,The Last Ninja
53846,The Goonies II
53657,The 3-D Battles of WorldRunner
53560,Spyro: Season of Ice
53448,NHL Hitz 2003
53127,Aggressive Inline
53078,King's Field II
53038,International Track & Field 2000
52935,Final Fantasy II (1988)
52788,Casper
52672,Arc the Lad
52494,Boxing (1980)
52428,Ikari Warriors (1986)
52390,Garage
50931,IL-2 Sturmovik: Cliffs of Dover Blitz Edition
50689,Lost Grimoires 3: The Forgotten Well
50515,Navalny 20!8: The Rise of Evil
50068,Dustwind
49493,Knights And Bikes
47366,The Mind of Marlo
46664,Mario Party: The Top 100
46658,Saboteur!
46291,Steam Tactics
45912,One Piece: Unlimited World Red - Deluxe Edition
45700,Jettomero: Hero of the Universe
44839,Nowhere Prophet
43914,ESports Club
43829,Cattails | Become a Cat!
43726,Hitman - Episode 3: Marrakesh
43691,Assassin's Creed Syndicate: The Dreadful Crimes
42141,Castlevania: Lords of Shadow - Reverie
42056,The Guided Fate Paradox
41903,Chicken Invaders: Revenge of the Yolk
41889,DmC: Devil May Cry - Bloody Palace
41879,Enslaved: Odyssey to the West - Pigsy's Perfect 10
41192,Duke Nukem Forever: The Doctor Who Cloned Me
40962,WRC 2
40527,Atelier Iris 3: Grand Phantasm
39062,Disney's The Jungle Book: Rhythm n'Groove
37159,Добрыня Никитич и Змей Горыныч
36802,Arma: Armed Assault
36260,Charlie and the Chocolate Factory
35970,Fallen Lords: Condemnation
35598,Castle Strike
35482,MTV's Celebrity Deathmatch
34938,Final Fantasy XI: Chains of Promathia
34819,Second Life
33166,Robots
32180,Gore: Ultimate Soldier
30847,The Simpsons: Cartoon Studio
30034,Commander Keen 2: The Earth Explodes
29358,Brutal: Paws of Fury
28913,SpongeBob: Truth-Sq.
28702,NBA LIVE 06
28173,Die for Valhalla!
28027,FIFA
27826,Sonic Boom: Fire & Ice
27340,Mario & Sonic at the Sochi 2014 Olympic Winter Games
25848,TrackMania DS
25607,Spectrobes: Beyond the Portals
24912,Red Steel
24176,Super Monkey Ball 3D
23744,Mario Sports Superstars
23489,Sudden Strike 3
22842,Anachronox
22655,Magic Carpet Plus
22462,Dead Mountaineer's Hotel
22029,Empires of the Undergrowth
21674,Lucid
21248,New Star Soccer 5
20886,Dawn of Magic 2
20788,Vlad the Impaler
20234,RPG Maker 2000
20231,Chicken Invaders 4
20059,QUAKE II Mission Pack: The Reckoning
19494,Guild Wars - Game of the Year Edition
19431,A Golden Wake
19429,Alien Swarm
19245,Silverfall
19164,Sid Meier's Covert Action (Classic)
18853,Puzzle Agent 2
18057,Demon Hunter 2: New Chapter
17714,Train Fever
17575,Defense Grid: The Awakening
17136,Way of the Samurai 3
17079,Disney Alice in Wonderland
17050,YOU DON'T KNOW JACK Vol. 3
16927,RACE - The WTCC Game
16779,BIT.TRIP RUNNER
16602,Asphyxia
16432,Salammbô: Battle for Carthage
16195,Arcana Heart 3 LOVE MAX!!!!!
15898,Cosmic Sugar VR
15298,Interstellaria
14941,Lucid9: Inciting Incident
14397,Sven Co-op
14085,Seasons After Fall
13412,Out of Reach
13399,Princess Maker Refine
12781,Half-Life: A Place in the West
12112,Bunker Punks
11921,Nancy Drew: Secret of the Scarlet Hand
11887,Hero Siege
11647,Deadly Dozen
11210,Barrow Hill: Curse of the Ancient Circle
11076,IL-2 Sturmovik: Cliffs of Dover
10877,Ghost Song
10755,ACE Academy
10495,Subsistence KANGAROO GAMES
10384,Hardland
10353,Pastry Lovers
10267,One day in London
10152,Killing Room
10147,AIRHEART - Tales of broken Wings
9634,Worlds Adrift
7375,Peggle Blast
7001,Don't Look Back
6961,Ittle Dew
6841,Circa Infinity
6564,RoboCop
5915,Sonic Jump
5695,Top Spin 3
5503,Blast Factor
5458,PAIN
5240,Crash: Mind Over Mutant
5005,Harvest Moon: Hero of Leaf Valley
4946,Magic: The Gathering - Duels of the Planeswalkers
4781,Space Ace
4571,Dungeon Defenders
4445,Army Corps of Hell
4080,Heavy Fire: Shattered Spear
3828,Super Motherload
3741,The Witch and the Hundred Knight
3557,Divekick
3495,Adventure Time: The Secret of the Nameless Kingdom
3457,MONOPOLY DEAL
2954,"Warhammer 40,000: Armageddon"
2935,Hatoful Boyfriend: Holiday Star
2689,The Firm
2196,ADR1FT
1802,FarmVille 2: Country Escape
1712,TEMBO THE BADASS ELEPHANT
1303,NBA 2K17
1238,Arcade Archives CONTRA
847,Ittle Dew 2
645,Feist
594,MARVEL Avengers Academy
483,Godville
423,DEXED
251,Sonny
45,Cosmic Star Heroine
852781,Omega Strikers
850708,Rise of the Ronin
776261,Kao the Kangaroo (2022)
491512,Idle Slayer
357246,Granblue Fantasy: Relink
325089,Sniper Ghost Warrior Contracts
67478,Wordament
59816,Workers & Resources: Soviet Republic
59317,Asphalt 9: Legends
59288,The Bard's Tale Trilogy
59197,F1 2018
53790,Donkey Kong 3
53205,Zelda II: The Adventure of Link
52340,Iron Harvest
43772,Tracks - The Train Set Game
42889,Vane
42485,Estranged: Act I
30570,Venetica
29082,Silent Hill: Downpour
29060,Child of Eden
28620,Banjo Kazooie: N n B
25427,SEGA Superstars Tennis
24913,Soccer
23739,G-Force: The Video Game
22001,Metal Waltz: Anime tank girls
20711,eversion
20128,Epic Battle Fantasy 4
19435,Oknytt
17906,Cities XL Platinum
17618,Galaxy on Fire 2 Full HD
17144,Raptor: Call of the Shadows (1994 Classic Edition)
17139,Rise of the Triad: Dark War
15508,Leisure Suit Larry in the Land of the Lounge Lizards: Reloaded
14025,Patrician III
12710,Soundodger+
9801,Raw Data
7039,ReCore
6530,Uplink
3589,Murasaki Baby
3489,The Crew
2943,The Treasures of Montezuma 4
2061,Riptide GP2
1281,Sonic Dash
514,Sine Mora
414,Pinball FX2
938172,The Mageseeker: A League of Legends Story
665025,Xuan Yuan Sword 7
650598,Crysis 3 Remastered
573126,Life is Strange: Before the Storm Remastered
393544,PROP AND SEEK
369159,Shovel Knight Dig
325082,Broken Lines
321226,GRID (2019)
311642,Shadow Warrior Classic Redux
308092,Layers of Fear 2
288664,Bomberman Live
284756,KUNAI
262383,Pagan Online
62026,Songbird Symphony
61900,Night Call
60012,Pathway
58732,FIFA 19
56173,Pokémon Channel
53753,Cliffhanger
51573,SWORD ART ONLINE: Fatal Bullet
49067,Catmaze
44763,Hidden Agenda
43752,EA SPORTS NHL 18
42949,Need for Speed: Rivals - Complete Edition
42212,Metro: Last Light - Tower Pack
42119,Borderlands 2: Psycho Pack
40314,Castlevania: Harmony of Despair
38542,"Sam & Max: Episode 205 - What's New, Beelzebub?"
36557,The Incredibles: Rise of the Underminer
35124,Serious Sam 3: Jewel of the Nile
31908,Nancy Drew: Secrets Can Kill
31771,The Elder Scrolls II: Daggerfall
29233,Indivisible
28315,Viva Piñata: TIP
28010,Dragon Quest VII: Fragments of the Forgotten Past
24529,Mario & Sonic at the Olympic Winter Games
22228,Train Valley 2
21671,Luxor: Quest for the Afterlife
20045,Message Quest
19994,HunieCam Studio
19977,Time Mysteries: Inheritance - Remastered
19407,Wargame: Airland Battle
18703,The Guild II
17283,Might & Magic Heroes VII
17053,YOU DON'T KNOW JACK Vol. 4 The Ride
16255,Edna & Harvey: Harvey's New Eyes
16132,The Guest
13628,Dear Esther: Landmark Edition
10646,Alien Shooter TD
9673,Flat Heroes
9543,Oh...Sir!! The Insult Simulator
6712,Rick and Morty: Pocket Mortys
5336,Switchball
4362,Resistance: Burning Skies
4180,Disney Epic Mickey 2: The Power of Two
3855,NBA 2K14
3643,ONE PIECE Unlimited World Red
3201,Calvino Noir
3164,EA SPORTS FIFA 16
2564,Amplitude
2328,Pokémon TCG Online
1249,FIFA 17
987,Windlands
740,Clockwork Tales: Of Glass and Ink
471,Bardbarian
119,Kona
881136,Curse of the Sea Rats
840768,World of Warcraft: Dragonflight
765103,Amanda the Adventurer
702386,Rubber Bandits
695833,100 hidden frogs
674321,Age of Darkness: Final Stand
622489,ELEX II
586185,Shadow Man Remastered
581215,Colony Ship: A Post-Earth Role Playing Game
484687,"Please, Touch The Artwork"
419905,Blue Fire
397471,The Suicide of Rachel Foster
388315,World of Warcraft: Shadowlands
353491,Hello Neighbor Alpha 2
350779,Sex Simulator
332787,Somerville
295127,Daggerhood
290894,Chernobylite
272530,Atelier Meruru: The Apprentice of Arland DX
266185,Call of Duty: World at War - Final Fronts
251599,Borderlands 2 VR
244806,The Shapeshifting Detective
74935,Garena Free Fire
63222,Frozen Flame
60783,Outward Definitive Edition
59602,NBA 2K19
56920,Art of Fighting (1992)
55936,Teenage Mutant Ninja Turtles II: Back from the Sewers
55053,King's Quest III
53433,Mortal Kombat: Deadly Alliance
46698,All Our Asias
46160,Dandara
42301,Bioshock Infinite: Clash in the Clouds
37430,Sam & Max: 101 - Culture Shock
35702,Starship Troopers
35625,CSI: Crime Scene Investigation - Dark Motives
30035,Commander Keen 3: Keen Must Die!
28761,FaceBreaker
28458,Alien Hominid HD
28367,The Bureau
27556,Pokémon Shuffle
25327,Final Fantasy XII: Revenant Wings
24366,Metroid: Other M
24288,Captain America: Super Soldier
23441,Mirt. Tales of the Cold Land. Chapter one
22716,Evolva
22672,Die By The Sword + Limb From Limb
22371,Pizza Connection 2
20859,Secret Files: Sam Peters
20247,DRAGON QUEST HEROES Slime Edition
19685,Just Cause
18675,Dragon Saga
17913,Batman: Arkham Origins Blackgate - Deluxe Edition
17733,Magical Diary: Horse Hall
17633,Stealth Bastard Deluxe
16707,Cinders
16013,Planetary Annihilation: TITANS
15816,Flamebreak
15472,Regency Solitaire
15268,SCUM
13683,Sorcery! Parts 1 and 2
11747,Wargame: European Escalation
11106,Eisenwald: Blood of November
10607,Infested Planet
10082,The Wild Eight
9892,Asura
5593,nail'd
5467,Gurumin: A Monstrous Adventure
4553,Stuntman: Ignition
4412,The House of the Dead 4 Game
4347,DiRT Showdown
3913,STREET FIGHTER X TEKKEN
3772,Strider
3662,EA SPORTS UFC
3413,OlliOlli2: Welcome to Olliwood
2933,FantaVision
2852,Megadimension Neptunia VII
2612,Nights of Azure
1269,The Bunker
1085,The Assembly
605,Super Mario Run
362,For Honor
984635,Lego Horizon Adventures
977212,Sand Land
973376,Lost Records: Bloom & Rage
965190,Labyrinthine
952025,Road 96: Mile 0 🛹
881548,Aska
840782,Stranded: Alien Dawn
650656,Postal 2: Paradise Lost
631949,Clash: Artifacts of Chaos
605543,Phantom Abyss
559120,Learning Factory
484858,Baldi's Basics Plus
481886,For the People
430275,Vampire: The Masquerade - Shadows of New York
428701,Floppy Knights
428268,Knock on the Coffin Lid
428233,Ship Graveyard Simulator
428083,Panzer Paladin
415180,Samurai Jack: Battle Through Time
415167,Tenchu: Wrath of Heaven
404474,Titan Quest: Ragnarök
401373,Castlevania (1999)
391403,Path of Exile 2
383644,Arboria
380902,BDSM: Big Drunk Satanic Massacre
372588,Concept Destruction
364812,Rock of Ages 3: Make & Break
349386,Travis Strikes Again: No More Heroes Complete Edition
321235,Just Cause 4  Los Demonios
297249,Lust from Beyond
292080,Backbone: Prologue
270726,Sanator: Scarlet Scarf
223625,Sonic Runners Adventure - Fast Action Platformer
61629,Feather
61148,The Hong Kong Massacre
61105,The Caligula Effect: Overdose
60587,A Long Way Down
59708,GROUND BRANCH
59221,Dawn of Mana
58929,The Spectrum Retreat
58828,Killer Queen Black
58389,Call of Duty: Black Ops 4
57452,Pink Goes to Hollywood
57289,Aero Fighters
57254,Weaponlord
57177,Sonic 3D Blast (1996)
57068,James Bond 007: The Duel
55289,NHL 95
54386,Duke Nukem: Zero Hour
53408,Mega Man & Bass (1998)
53149,Banjo-Kazooie: Grunty's Revenge
53101,Loaded
51826,Forbidden Clicker Party
51349,Treasure Adventure World
50412,Loot Box Quest
48201,Reaper
47572,Football Game
46624,MX vs ATV All Out
43734,State of Decay 2
42496,PayDay 2: Gage Weapon Pack #01
40936,Jamestown: Legend of the Lost Colony
39528,Teenage Mutant Ninja Turtles: Turtles in Time Re-Shelled
38368,Perfect World
36787,Enemy Territory: Quake Wars
36497,ÜberSoldier
36321,Fallen Earth
35738,Juiced
35497,Карлик Нос
35255,The Lord of the Rings Online: Shadows of Angmar
34235,Jill of the Jungle
31741,Tom Clancy's Ghost Recon: Island Thunder
31703,Woody Woodpecker
31218,Tomb Raider 3: The Lost Artifact
31203,Batman: Vengeance
29891,Disney's Dinosaur
29325,Battle of Painters
29232,Transference
29115,UFC Undisputed 2010
28764,Enchanted Arms
28447,Kinect Sports
28288,Mad Tracks
28004,Star Fox Zero
26134,Ben 10 Alien Force: Vilgax Attacks
25119,TMNT
25065,Avatar: The Last Airbender
24054,Mario Party: Island Tour
24041,NES Open Tournament Golf
22851,Tomb Raider 1+2+3
22668,Descent: Freespace Battle Pack
21414,Luxor: Amun Rising HD
21126,The Basement Collection
20382,Run or Die
20358,Eternal Senia
19965,Fairy Tale Mysteries 2: The Beanstalk
19783,The Abbey of Crime Extensum
18059,The Secret Order 4: Beyond Time
17640,Sherlock Holmes - Nemesis
17521,軒轅劍外傳穹之扉(The Gate of Firmament)
16344,Sanctum
15852,STAR WARS Jedi Knight - Mysteries of the Sith
15668,Amphora
15667,Master of Orion 3
15470,Overland
14998,ESWAT: City Under Siege
14442,DROD: The Second Sky
14236,Sakura Dungeon
13674,Happy Room
12459,Breached
12269,The Price of Freedom
12202,Spellstone
12102,Alicemare
11778,Holy Potatoes! A Weapon Shop?!
11296,Unworthy
11169,StarCrawlers
11088,Rencounter
494393,Monster Hunter Rise
427972,Coloring Game 3
395195,Halo 2: Anniversary
327236,No More Heroes 3
316865,Blood: Fresh Supply
290899,Into the Radius VR
285673,Creeper World 4
275600,LEGO Rock Raiders
74085,Coin Master
57949,Um Jammer Lammy
56219,Star Wars Rogue Squadron II: Rogue Leader
55266,Disney's Pocahontas
54373,Conker's Bad Fur Day
53998,Power Blade 2
53135,Astro Boy: Omega Factor
52873,Discworld II: Missing Presumed...!?
52690,Army Men: Air Attack 2
50188,SpyParty (2017)
46128,Windjammers
42308,Dishonored: Game of the Year Edition
41776,Dishonored: The Knife of Dunwall
41494,Cyberpunk 2077
40841,Resident Evil Code: Veronica
39513,Grand Theft Auto IV: The Ballad of Gay Tony
34936,Ballance
34637,Heroes of Might and Magic 4: Winds of War
32742,Supaplex
31954,Space Quest 4: Roger Wilco and the Time Rippers
31080,The Sims
30748,The Operative: No One Lives Forever
28633,Forza Horizon 2
28471,Tales of Vesperia
27966,Shin Megami Tensei IV: Apocalypse
26027,Harvest Moon: Magical Melody
25976,Shin Megami Tensei: Devil Survivor
23041,Anno 1602 A.D.
22700,Might and Magic 8: Day of the Destroyer
19441,Silent Hunter III
19300,Heroes of Might & Magic V: Tribes of the East
14331,Call of Duty 2
13886,Star Wars: Battlefront II (2005)
12022,King's Bounty: The Legend
10037,Europa Universalis IV
5136,Command & Conquer: Red Alert - Retaliation
5075,Grandia
3760,Herc's Adventures
3634,Ratchet & Clank Collection
3615,Tales of Xillia 2
3556,Alien: Isolation
3436,Super Stardust Ultra
1036,The Jackbox Party Pack 3
989580,Mouthwashing
877997,A Castle Full of Cats
748454,DepraviA EgrigorI
705616,"Warhammer 40,000: Space Marine II"
674311,A Lose Hero in the Castle of the Succubi
563419,The Life and Suffering of Sir Brante
548160,Wobbledogs
529154,Doraemon: Nobita Resident Evil 2 english
476122,Stellar Blade
463731,Epic Mickey
430199,ZEPETO
407549,Tenchu: Fatal Shadows
387303,Ray Eager
375281,Tangle Tower
372679,Spin Rhythm XD
359616,King's Field: The Ancient City
351827,DOOM (25th anniversary)
328004,Contra Anniversary Collection
316812,New Robinson
311644,Heave Ho
302306,Xenosaga Episode I: Der Wille zur Macht
301511,Final Fantasy XII
294131,Midnight Club 3: Dub Edition
290927,Mutilate-a-Doll 2
290919,Race for Tuning
269375,Parasite In City
259799,Baldur's Gate: The Original Saga
258531,Age of Z
254636,Slappy Ass
251838,DRAMAtical Murder
244247,Marble It Up!
87918,Pocket City
80180,Cube Escape: Harvey's Box
68197,Tiny Tower
64551,Mundaun
61535,Epic Battle Fantasy 5
61060,EXAPUNKS
59314,Anno 1800
59313,Gris
57902,Tom and Jerry in House Trap
57797,Spyro the Dragon
57597,MediEvil II
57593,Marvel Super Heroes vs. Street Fighter
56237,Tales of Symphonia (2003)
54909,Test Drive: Off-Road 3
54822,Dragon Warrior Monsters
53239,Disney's Aladdin
53086,Kula World
52335,Guitar Hero II
51489,Rock Band 4
51246,LocoRoco
49905,Tower Fortress
49428,The Red Strings Club
47164,PICROSS S
44215,CarX Drift Racing Online
43308,Sid Meier's Civilization: Beyond Earth - Rising Tide
41738,The Elder Scrolls V: Skyrim - Dragonborn
40726,Dead Space 2: Severed
40583,Monster Hunter Portable 3rd
38658,The Sims 2: Apartment Life
38200,Football Manager 2008
36173,Alexander
33114,Winter Games
32867,Homeworld: Cataclysm
32458,LEGO Racers 2
32060,Sid Meier's Civilization 2
31605,Soldier of Fortune
31377,"KKnD: Krush, Kill 'n Destroy"
30784,Colin McRae Rally 2.0
29908,Another World
29705,Micro Machines V3
28632,Gears of War 3
28196,Radiant Historia: Perfect Chronology
28018,Poochy & Yoshi's Woolly World
26898,The Last Story
26002,Wii Sports Resort
25131,"Pokémon Diamond, Pearl"
25057,Wii Sports
18743,Desperados: Wanted Dead or Alive
16820,Distant Worlds: Universe
15017,Duck Game
13910,XCOM: Enemy Unknown
13554,Fallout
13395,"Spy Fox 2 ""Some Assembly Required"""
12261,Just Shapes & Beats
11917,Nancy Drew: Curse of Blackmoor Manor
11328,Eleven: Table Tennis VR
10502,Football Manager 2017
9942,Parkitect
9904,Age of Empires II HD
5654,Skate 2
5477,Twisted Metal 2
5179,LocoRoco Midnight Carnival
2234,The Banner Saga 2
1392,D&D Lords of Waterdeep
972044,Super Mario RPG
965471,MiSide
964000,Remnant II
864212,Lovecraft Locker: Tentacle Lust
722684,Saya no Uta ~ The Song of Saya Director's Cut
685577,Vampire Survivors
674748,Chinese social credit score test
620042,Citizen Sleeper
619533,Tinykin
537744,Dyson Sphere Program
503378,Friday Night Funkin'
502241,Neighbours back From Hell
484554,Everhood
452642,Horizon Forbidden West
452618,Pony Town
419295,Command & Conquer Remastered Collection
372595,The Jackbox Party Pack 6
371835,Tokyo Mirage Sessions #FE Encore
366863,Picross 3D: Round 2
362903,Papetura
349439,The Henry Stickmin Collection
329551,Resident evil 7 Banned Footage Vol.1
326221,Röki
223378,Ace Attorney Investigations - Miles Edgeworth
57958,Vanguard Bandits
57728,Rival Schools: United by Fate
54346,Animal Crossing
53377,Lego Star Wars: The Video Game
48897,Opus Magnum
46665,"Snipperclips Plus - Cut it out, together!"
45821,Frostpunk
43755,Metroid: Samus Returns
39948,Heavy Rain Chronicles: Episode One - The Taxidermist
34791,Battlefield 2
32700,Warzone 2100
29717,Sid Meier's Alpha Centauri
28534,ASURA'S WRATH
28336,Beautiful Katamari
24062,Final Fight 3
21673,Myst: Masterpiece Edition
19755,Ragnarok Online
19285,Faces of War
17754,RollerCoaster Tycoon: Deluxe
14865,Ristar
13902,Sacred Gold
13792,Zanzarah: The Hidden Portal
13466,Devil May Cry 4: Special Edition
12649,"Warhammer 40,000: Dawn of War - Dark Crusade"
12073,The Secret of Monkey Island: Special Edition
12018,Star Wars Jedi Knight II: Jedi Outcast
7819,SUPERHOT
5648,Rocksmith
4468,Jak 3
4128,Ni no Kuni: Wrath of the White Witch
2100,Tales from the Borderlands: A Telltale Game Series
1073,Keep Talking and Nobody Explodes
996752,Atomic Heart: Enchantment Under the Sea
990189,Infinity Nikki
983876,Mario & Luigi: Brothership
816420,Monument Valley 2: Panoramic Edition
669002,Catto Boi's Bizarre Adventure
605674,Lies Of P
579507,Death's Door
558985,NINJA GAIDEN: Master Collection
473557,Guardian Tales
459020,Hylics 2
454535,Final Fantasy XIV: Stormblood
395157,Little Nightmares: The Residence
378573,Metro Exodus: The Two Colonels
358199,Motor Depot
355289,Ridge Racer (PSP)
341578,Spider Solitaire (Microsoft)
341329,ZACH-LIKE
330571,Football Manager 2015
308130,Nightmare Reaper
266926,Debu Debu Literature Club
264235,Gacha Life PC
229144,Hide Online
224986,Block Strike
220090,Star Wars: KOTOR Knights of the Old Republic
59185,We Love Katamari
58783,The Walking Dead: The Final Season
57937,Twisted Metal III
57741,SaGa Frontier
56143,NBA Street V3
54690,Metropolis Street Racer
52687,Army Men: Sarge's Heroes 2
52374,Super Mario Strikers
47326,OKAMI HD
42483,The Walking Dead: Season Two Episode 4 - Amid the Ruins
41561,Total War: Rome II
41490,Divinity: Original Sin
39061,Disney's Active Play: The Lion King 2: Simba's Pride
38036,SpongeBob SquarePants: Employee of the Month
36757,NHL 06
35561,Star Wars: Republic Commando
35357,The Sims: Makin' Magic
35083,SpongeBob SquarePants: Battle for Bikini Bottom
35066,ToCA Race Driver
32454,The Terminator: Future Shock
31735,Lemmings 2: The Tribes
30488,Heroes Chronicles: Clash of the Dragons and Masters of the Elements
30234,Project Nomads
30057,Blade Runner
29580,Carmageddon 2: Carpocalypse Now!
29570,Majesty: The Fantasy Kingdom Sim (2000)
28222,skate.
27150,Wario Land: Super Mario Land 3
25396,Apollo Justice: Ace Attorney
24868,Mario Strikers Charged
24725,Mario Super Sluggers
22256,FAR: Lone Sails
18240,Brothers: A Tale of Two Sons
14563,Stephen's Sausage Roll
13400,Princess Maker 2 Refine
12470,Age of Mythology: Extended Edition
11874,Nancy Drew: Legend of the Crystal Skull
9716,BeamNG.drive
6937,Samorost 3
3696,Wolfenstein: The New Order
3665,Ratchet & Clank Future: Tools of Destruction
3480,Yakuza 4
3449,Resident Evil
1259,Machinarium
1120,Rise of the Tomb Raider: 20 Year Celebration
757,Max Payne Mobile
468,Kingdom Rush Frontiers
360,Final Fantasy Tactics: The War of the Lions
987537,Black Myth: Wu Kong
905630,Timestamps: Unconditional Love
838141,Monster Black Market
789960,Innocence Or Money - V 0.0.3
769634,FNF - Disruption Test
748505,BoxingGirl's Mobius
743757,Who's Lila?
722617,Supraland Six Inches Under
681502,Corpse Party (2021)
644516,Vomitoreum
609789,Mr. Mix (Original Game)
596718,Nuclear Blaze
566457,Fantasian
459206,Skeleton Krew
438626,Transformers Armada: Prelude to Energon
438612,Dragon Ball Z: Shin Budokai
437695,Samsara Room (Classic)
428894,Helheim Hassle
427679,Atelier Escha & Logy: Alchemists of the Dusk Sky DX
404475,The Sims 4: Get Famous
404471,The Sims 4: City Living
388936,Black Desert Mobile
378623,Zooba: Action & Shooting Game
375196,Grindstone
369069,Shadowrun (1993)
364813,StepMania 5
357811,Final Fantasy VII: Advent Children
356154,Orna: The GPS-RPG
355853,Mouse Simulator
355179,Tenchu: Time of the Assassins
330373,Недетские сказки
327219,Superliminal
319299,Rise of Empires: Ice and Fire
313802,Unsighted
307149,Duty Calls: The Calm Before the Storm
304176,Hatsune Miku: Project DIVA
299897,LifeAfter
298413,Boneworks
291091,Super Stylist
290952,To The Rescue!
279033,A Dance of Fire and Ice
269337,LSD: Dream Emulator
259781,Tetris (1989)
254537,Jet Li: Rise to Honor
251557,Spiral Clicker
251493,Koikatsu!
250043,Murder in the Alps
241038,Ace Combat 04: Shattered Skies
238396,Disgaea 1 Complete
221558,MazM: Jekyll and Hyde
62562,Project: Gorgon
61241,Princess Maker 5
60417,VR Kanojo / VRカノジョ
60101,STEINS;GATE ELITE
59607,Scribblenauts Mega Pack
58544,YOU LEFT ME.
57993,WWF SmackDown!
57928,Gauntlet Dark Legacy
57838,Tales of Eternia
57815,Suikoden
57761,Overboard! (1997)
57685,Point Blank (1997)
57676,Super Gem Fighter Mini Mix
57669,PaRappa the Rapper
57533,Super Star Wars: The Empire Strikes Back
57514,Super Double Dragon
57128,Outlander
57054,Growl
56974,Columns III (1993)
55853,Micro Machines 2: Turbo Tournament
55621,Sensible World of Soccer
55072,Mega Lo Mania
54707,Panzer Front
54492,Quake II
54382,Dr. Mario 64
54315,Shining Force CD
54305,Road Rash (1991)
53520,Sega Rally Championship (1995)
53425,Minority Report: Everybody Runs
53406,Medal of Honor: Underground
53036,International Superstar Soccer Pro 98
53021,Hot Wheels Turbo Racing
52841,CT Special Forces
52388,Bomb Chicken
52095,Meteorfall: Journey
48926,Don't Make Love
45083,AirMech Wastelands
44964,Wonderful Everyday Down the Rabbit-Hole
44093,Diablo III: Eternal Collection
42292,The Sims 3: Into the Future
42001,Chicken Invaders 3: Christmas Edition
39990,Majesty 2: Kingmaker
39931,Tekken 5: Dark Resurrection
39709,Tales of the Abyss
38880,Dino
38286,Penumbra: Black Plague
38160,FIFA Manager 08
38007,I Wanna Be the Guy
37238,7.62: High Calibre
37166,Medieval 2: Total War
36844,Phantasy Star Online: Blue Burst
36722,Lugaru: The Rabbit's Foot
36571,Crime Life: Gang Wars
35981,Pitfall: The Big Adventure
35530,Wallace & Gromit in Project Zoo
35452,Ricochet Xtreme
35358,The Witcher
35265,Neverwinter Nights: Hordes of the Underdark
34658,IL-2 Sturmovik: Forgotten Battles
32970,Tetris (1986)
32947,KKnD Xtreme
32571,MechWarrior 3
32094,Norse by Norse West: The Return of the Lost Vikings
32091,DemonStar
31570,MageSlayer
31321,Road Rash (1996)
30988,Ultima Online
30819,Uncharted Waters 2: New Horizons
30332,Need for Speed 2 Special Edition
30044,Dune 2000: Long Live the Fighters!
29031,Jade Empire
28804,Metal Arms: Glitch in the System
28020,Story of Seasons: Trio of Towns
27491,Kirby: Nightmare in Dream Land
27118,Tales of the Abyss 3D
27102,Super Mario 3D Land
26022,Flipnote Studio
25846,Valkyrie Profile: Covenant of the Plume
25599,Harvest Moon: Tree of Tranquility
25513,Trauma Center: Under the Knife 2
24933,New Super Mario Bros.
24930,Lost Magic
24093,New Super Luigi U
24078,Picross E2
23903,Harvest Moon: MORE friends of Mineral Town
23752,Animal Crossing: New Leaf - Welcome amiibo
23369,SAMURAI WARRIORS: Spirit of Sanada
22903,Leisure Suit Larry: Love for Sail!
22699,Might and Magic 7: For Blood and Honor
21985,Get To The Orange Door
21898,Deep Town
20703,Evil Defenders
19646,Tom Clancy's Splinter Cell
19359,Heroes of Might and Magic V
18814,Kindred Spirits on the Roof
14961,Catacomb Kids
14486,VR The Diner Duo
13744,Star Ruler 2
12388,Slap The Fly
12328,Pocket Rumble
11710,KartKraft
11587,Kenshi
10185,Sky Noon
5340,Blood Omen: Legacy of Kain
5109,Me & My Katamari
4050,Fatal Frame
2249,The Warriors
1864,Carmageddon
1436,Jelly Defense
1244,Darkest Dungeon
1010,Transistor
704,Call of Duty: Strike Team
109,Tiny Wings
27,Pyre
966906,Horizon Forbidden West Complete Edition
743401,Super Monsters’n Girls
647660,Frostpunk 2
471019,Alba: A Wildlife Adventure
428390,Zompiercer
403051,Top War: Battle Game
395971,The Legend of Heroes: Trails of Cold Steel III
378579,Teardown
375231,Mini Motorways
327232,Final Fantasy VIII Remastered
244695,Sonic Adventure 2 Battle
57420,Mega Man 7 (1995)
57264,World of Illusion Starring Mickey Mouse and Donald Duck
56272,X-Men Legends
54286,NBA Jam (1994)
52436,Missile Command (1980)
52295,Dragon's Crown Pro
38595,TrackMania United Forever
36795,Ultimate Spider-Man
36766,Rise of Nations: Rise of Legends
35051,SimCity 4: Rush Hour
34713,Rise of Nations
31765,The Sims: Hot Date
31470,The Sims: Vacation
30180,Shadow of Destiny
30162,Re-Volt
28418,Diablo III: Reaper of Souls
28201,Metro Exodus
25061,Dragon Ball Z: Budokai Tenkaichi 2
24169,Super Mario All-Stars
19369,Call of Duty
16944,The Witcher 2: Assassins of Kings Enhanced Edition
13869,Ignition
13162,Putt-Putt Saves the Zoo
12929,The Talos Principle
11507,Nancy Drew: Ghost of Thornton Hall
11425,SPORE
10872,Battle Brothers
10297,Sid Meier’s Civilization VI
5161,Braid
4514,L.A. Noire
3771,Rayman Legends
3192,Metal Gear Solid V: The Phantom Pain
3168,SOMA
2296,Fahrenheit: Indigo Prophecy Remastered
809,Skate 3
557,Kingdom Rush
976502,Sheepy: A Short Adventure
973545,(the) Gnorp Apologue
960085,The Cosmic Wheel Sisterhood
914783,Shadow Gambit: The Cursed Crew
894438,Lil Gator Game
856166,Wildfrost
816324,Cultic
650635,"If On A Winter’s Night, Four Travelers"
650621,Blasphemous II
568863,Doom Eternal: The Ancient Gods - Part Two
559111,Strangeland
546838,Cookie Run: Kingdom
527450,The Corridor
510699,My L'manburg [Dream SMP fangame]
494382,Final Fantasy XVI
475076,Conker: Live and Reloaded
459209,Sim City 3000
452639,Returnal
452638,Stray
442852,Mafia: Trilogy
413866,Edna & Harvey: The Breakout - Anniversary Edition
401808,Half-Life 2: Update
359267,Shady Part of Me
326238,Microsoft Flight Simulator 2020
267006,Robin Morningwood Adventure
245013,Mystic Messenger
105915,Pokemon Blue
76229,WildCraft: Wild Sim Online
74834,Pixel Gun 3D: Battle Royale
61523,Changed
61347,Yu-Gi-Oh! Duelists of the Roses
59359,A Plague Tale: Innocence
58827,Overcooked! 2
58812,Control
58252,Rule of Rose
58011,Z (1996)
57305,Biker Mice from Mars (SNES)
56031,Donkey Konga
55252,Top Gear 2
54634,Dead or Alive 2
54097,Teenage Mutant Ninja Turtles: Tournament Fighters
53531,Shining Force: The Legacy of Great Intention
53439,Mr. Nutz
53232,Desert Strike
46429,Utawarerumono: Mask of Truth
45291,Ys SEVEN
43968,The Crown of Leaves
41284,Sid Meier's Civilization V: Gods & Kings
39530,Final Fantasy XIV
38543,World in Conflict: Soviet Assault
36843,Pro Evolution Soccer 5
34811,Neighbours from Hell: Revenge Is a Sweet Game
32681,Interstate '76
31396,Icewind Dale
31153,Baldur's Gate: Tales of the Sword Coast
30373,Medal of Honor: Allied Assault
29874,Legal Crime
27971,Donkey Kong Country Returns 3D
27946,Xenoblade Chronicles 3D
26531,DJ Hero 2
25263,Zack & Wiki: Quest for Barbaros' Treasure
24995,FIFA Street 2
24059,Super Castlevania IV
22044,Agatha Knife
19308,Cossacks: Art of War
16112,Sleeping Dogs: Definitive Edition
11868,Nancy Drew: Last Train to Blue Moon Canyon
10615,System Shock 2
10547,Yoku's Island Express
6892,Cut the Rope: Experiments
5675,The Beatles: Rock Band
5645,Rock Band 3
5498,Lemmings
5363,Spyro 2: Ripto's Rage!
5337,Street Fighter Alpha 2
5170,Gex
4853,God of War: Ghost of Sparta
4204,ToeJam & Earl
4011,Ratchet: Deadlocked
3841,Assassin’s Creed IV: Black Flag
3830,Tearaway
3371,Dark Souls II: Scholar of the First Sin
2213,Kerbal Space Program
613,Bastion
432,Grand Theft Auto III
990503,WEBFISHING
976002,Boxes: Lost Fragments
968822,Magicraft
881441,The Past Within
868095,The Jackbox Party Pack 9
836440,Tempest Rising
830139,After the Inferno
805514,Handshakes
748425,Lust Theory
743456,NTR Legend
741497,FINAL FANTASY VI Pixel Remaster
709001,Figment 2: Creed Valley
697521,Hero of the Kingdom: The Lost Tales 2
574764,Syphon Filter: Dark Mirror
571692,Demeo
536890,Fitness Boxing 2: Rhythm & Exercise
528727,Meridian 157: Prologue
525674,BROK The InvestiGator
485177,Until We Die
380883,Grimm's Hollow
368049,Pokemon Emerald Version
366091,CarX Streets
347838,Wild Arms
326264,Exit From
326220,Asgard's Wrath
304342,Mechstermination Force
287339,Urban Strike
277968,隐形守护者 The Invisible Guardian
263590,Risk of Rain 2
257253,Mitsume ga Tooru
257201,Star Wars Jedi: Fallen Order
246232,Vitec The Hacker
244694,Catherine: Full Body
240932,Fallout Equestria: Remains
163352,AI giantess project
67532,Kick the Buddy
61460,Dungeon Warfare 2
59746,Love Esquire - Dating Sim/RPG/Visual Novel
59233,Destiny 2: Forsaken
59220,Radiata Stories
59142,Onimusha: Warlords
58953,Baldur's Gate: Dark Alliance II
58766,Kingdom: Two Crowns
58596,7'scarlet
58579,Antiyoy
58338,Another Code: Two Memories
58183,Panzer Dragoon Orta
57896,Mark of the Ninja: Remastered
56263,X-Men Legends II: Rise of Apocalypse
54368,Chameleon Twist
54338,1080° Snowboarding (N64)
54102,Tiny Toon Adventures
53975,Ninja Gaiden III: The Ancient Ship of Doom (1991)
53666,Adventures in the Magic Kingdom
52769,Bust a Groove
49528,Touhou Project 東方天空璋 ～ Hidden Star in Four Seasons.
49165,Eiyu*Senki: The World Conquest
42500,Tiny Thief
42049,Mass Effect 3: From Ashes
41456,The Elder Scrolls V: Skyrim - Dawnguard
41449,The Walking Dead: Episode 3 - Long Road Ahead
41065,Total War: Shogun 2 - Rise of the Samurai
40922,Carmageddon: Reincarnation
39132,Смешарики. Параллельные миры
39080,Gran Turismo 5
38181,Asterix at the Olympic Games
37751,Titan Quest: Immortal Throne
37654,Frets on Fire
37604,NetWalk
35963,The Suffering
35874,Catan - Die Erste Insel
35629,Star Wars: Battlefront (2004)
35367,TrackMania (2003)
34645,Scooby-Doo! Case File #1: The Glowing Bug Man
32925,Black & White
32402,Battlefield 1942
32353,Grand Prix 3
32125,UFOs
32096,Lucky Luke: Western Fever
31664,Scooby-Doo: Showdown in Ghost Town
31556,Metal Fatigue
29995,F-29 Retaliator
29919,Lemmings Revolution
29854,Civilization 3: Play the World
29171,The Evil Within 2
28608,Fable II
28014,Yo-kai Watch 2: Bony Spirits
27756,Pocket Card Jockey
27324,Phoenix Wright: Ace Attorney - Dual Destinies
26824,The Legend of Zelda: Skyward Sword
26410,Green Day: Rock Band
26310,Sonic Classic Collection
25622,Littlest Pet Shop
25372,Endless Ocean
23973,"Pokémon Alpha Sapphire, Omega Ruby"
23935,Splatoon
22508,Overwatch
22033,Queen's Quest 3: The End of Dawn
21574,Contradiction - Spot The Liar!
19544,Warlords Battlecry III
19012,Freddi Fish and Luther's Water Worries
16971,The Floor is Jelly
16113,Sleeping Dogs
14996,Golden Axe II
14948,METAL SLUG
14733,Pharaoh Rebirth+
9880,Oxygen Not Included
7558,FRU
7403,Earn to Die
6640,Gobliiins
5977,Burrito Bison: Launcha Libre
5488,Crash Bandicoot
4870,The Adventures of Alundra
4793,Harvest Moon: Back To Nature
4671,inFAMOUS 2
4466,Catherine
3820,Gran Turismo 6
2745,Mortal Kombat XL
2139,Hyper Light Drifter
1989,Lifeline...
1030,Limbo
319,Soul Knight
289,Towaga
173,Danganronpa 1•2 Reload
959920,Snufkin: Melody of Moominvalley
943534,Pseudoregalia
882942,S.T.A.L.K.E.R. Anomaly
695861,Treasure of Nadia
644661,AI: THE SOMNIUM FILES - nirvanA Initiative
608685,Trombone Champ
537124,Bloons FPS
514894,Football Manager 2021
499331,Sackboy: A Big Adventure
479677,Doom Eternal: The Ancient Gods - Part One
446767,Cunt Wars
370204,If Found...
368967,World of Warcraft Classic
341619,Spirit Hunter: Death Mark
334431,Kirby's Adventure
292844,Hollow Knight: Silksong
283985,Resident Evil 2 (1-Shot Demo)
268981,NGL BIATHLON
59640,The Jackbox Party Pack 5
58297,STAR WARS: Episode I Racer
58133,Spyro Reignited Trilogy
57866,Time Crisis
57686,Policenauts
56022,Digimon Rumble Arena 2
53973,Ninja Gaiden
53551,Sonic the Hedgehog (1991)
53414,Mega Man Zero 3
53378,Lego Star Wars II: The Original Trilogy
53289,Fire Emblem: The Binding Blade
52806,Clock Tower (1995)
52681,Armored Core
52333,Guitar Hero Encore: Rocks the 80s
47421,Gun Club VR
40302,Scott Pilgrim vs. the World: The Game
38451,Barbie: My Scene
36968,Onimusha 3: Demon Siege
36758,Tony Hawk's American Wasteland
36633,ToCA Race Driver 3
34903,GoldenLand
30469,Diggles: The Myth of Fenris
29426,Mortal Kombat 2
28542,SOULCALIBUR II HD
25841,MadWorld
24063,Final Fight 2
23062,Wolfenstein 3D + Spear of Destiny
22448,Final DOOM
19535,Devil May Cry 4
19451,Fallout 3: Game of the Year Edition
17839,Creeper World 3: Arc Eternal
16787,Bully: Scholarship Edition
14348,Dying Light: The Following - Enhanced Edition
13926,Prince of Persia: The Two Thrones
11890,N++ (NPLUSPLUS)
9809,Caves of Qud
5644,Rock Band
5468,Syphon Filter 3
4533,Sly Cooper and the Thievius Raccoonus
4388,Battlefield: Bad Company 2
4361,Rayman Origins
3604,Metro: Last Light Redux
2638,Bully: Anniversary Edition
648,I Expect You To Die
195,Infinity Blade
34,Crash Bandicoot N. Sane Trilogy
1001843,The Elder Scrolls IV: Oblivion Remastered
914795,Pizza Tower
783838,Routine Feat
688749,Nightmare House 2
492269,Progressbar95
437046,51 Worldwide Classics
427566,My Cute Roommate
403803,Dragon Ball Z: The Legacy of Goku II
399391,Bendy and the Dark Revival
365053,PK XD
362591,Siren 2
327220,Lucifer Within Us
318356,Wadanohara and the Great Blue Sea
305794,WorldBox - God Sandbox
297209,Tekken Tag Tournament
292948,Audica
282834,Inmost
281889,Fear & Hunger
268301,Panzer Dragoon Saga
254541,WWE SmackDown! vs. Raw 2006
227507,Дуэль Художников - Игра по сети - Онлайн Крокодил
90606,CELESTE Classic
79843,The Sims 2: Super Collection
61972,Isoland
61411,ZeroRanger
60894,Synth Riders
58641,(To the Moon) Holiday Special Minisode
58575,Pocket Mirror
57845,Warriors of Fate
57836,Tank Racer
57652,Ninja: Shadow of Darkness
57429,Michael Jordan: Chaos in the Windy City
57379,Illusion of Gaia
57333,Demon's Crest (1994)
56210,Sphinx and the Cursed Mummy (2003)
56075,The Incredible Hulk: Ultimate Destruction
55065,Lotus
54820,Dragon Ball Z: Legendary Super Warriors
54760,Sword of the Berserk: Guts' Rage
54570,WWF No Mercy
54298,Radical Rex
54160,Yo! Noid
53958,Monster in My Pocket
53892,Kick Off
53695,Banana Prince
53367,Kuru Kuru Kururin
53361,Klonoa: Empire of Dreams
53085,Koudelka
53030,In the Hunt
53024,Hydro Thunder (1999)
52183,True Fear: Forsaken Souls - Part 1
52176,Florence
50778,A Way Out
49874,Pillars of Eternity II: Deadfire
47324,Modern Tales: Age Of Invention
46866,The Painscreek Killings
41594,Mass Effect 3: Leviathan
38483,MStar
38306,The Sims 2: FreeTime
36880,Battlefield 2: Special Forces
36551,Daemonica
36232,Little Bombers Returns
34870,EverQuest II
34687,Hidden & Dangerous 2
33811,Strip-Poker Pro
32929,Super Street Fighter 2 Turbo
32608,Civilization 2: Test of Time
32569,MechWarrior 2: 31st Century Combat
32154,The Settlers 2 Gold Edition
31147,Battle Realms
30816,Konung: Legends of the North
30429,Rayman M
29418,Star Wars: TIE Fighter Collector's CD-ROM
29114,Rez HD
28551,Trials Evolution
28427,All Pro Football 2K8
28395,Metro: Last Light
27196,Nintendo Land
27063,Kirby's Dream Land (3DS)
26264,Shadow Dancer: The Secret of Shinobi
25649,Barbie Horse Adventures: Riding Camp
25369,Advance Wars: Days of Ruin
24902,Diddy Kong Racing DS
24522,Bakugan: Battle Brawlers (NDS)
24085,PICROSS e
23967,Super Mario World: Super Mario Advance 2
23823,Mario Party 2
22686,Port Royale
22656,Master of Magic
22030,One Dog Story
21958,Yakuza 3
21931,Statik
19455,Marc Ecko's Getting Up: Contents Under Pressure
19096,RollerCoaster Tycoon 2: Triple Thrill Pack
19023,Putt-Putt Joins the Circus
17698,King's Bounty: Armored Princess
16673,Tachyon: The Fringe
16064,Archaica: The Path Of Light
14993,Landstalker: The Treasures of King Nole
13913,Deus Ex: Game of the Year Edition
13364,Tennis Elbow 2013
12871,Fire Pro Wrestling World
12473,The Cursed Forest
10065,Cities: Skylines
9959,Clone Drone in the Danger Zone
9609,Euro Truck Simulator 2
8665,Gabriel Knight: Sins of the Fathers 20th Anniversary Edition
6954,Riven: The Sequel to Myst
5886,Where's My Water? 2
5574,God of War: Chains of Olympus
5539,Daxter
5415,Rayman 2: The Great Escape
5272,Prinny: Can I Really Be The Hero?
4808,Metal Slug X
3439,Life is Strange
3265,God of War III Remastered
2743,Heavy Rain
1834,Sword Of Xolan
913,Leap Day
475,Goblin Sword
290,A Pixel Story
977139,20 Small Mazes
966587,Horizon Chase 2
850705,Tekken 8
776582,Osu
755051,Cat Museum
743452,Dog Hero and Demon King's Castle
650605,Cult of the Lamb
647072,Pokemon: Emerald Version (GBA)
597174,R18Plus Monster Girl You-ki chan
574767,Magic Survival
540036,Cruelty Squad
530500,Ghosts 'n Goblins Resurrection
516122,Needy Girl Overdose
474776,Simulador de KASINÃO no Sabadaço
436825,Swallow the Sea
421697,The Signifier
414490,Kyuuyaku Megami Tensei
403796,Anno 1404: Venice
403788,Space Rangers 2: Revolution
403002,The Room VR: A Dark Matter
395156,Little Nightmares: The Hideaway
382704,[Unreal Engine] Wild Life
376915,Voxelgram
370143,Monster Prom 2: Monster Camp
368148,Hentai Asmodeus
349245,WolfQuest: Anniversary Edition
326236,Spiritfarer
299546,Swing the Ball
289929,Fallout 4 - Far Harbor
284757,Steam Prison
275606,The Artful Escape
262504,Gravity Bone
244727,WWE SmackDown! vs. Raw (2004)
229520,Nobodies
74813,Cookie Run: OvenBreak
58998,Mega Man X Legacy Collection
57968,WarGames: Defcon 1
57430,Mighty Morphin Power Rangers: The Fighting Edition
57223,Tiny Toon Adventures: ACME All-Stars
57132,Pac-Man 2: The New Adventures (1994)
57100,Bomberman '94 (1993)
56979,Crusader of Centy
55323,After Burner II
54788,WWF Royal Rumble
54714,Power Stone
53722,Blades of Steel (1988)
53311,Godzilla: Destroy All Monsters Melee
52273,Part Time UFO
50796,Dreams
50313,Descent (1996)
42437,Outlast: Whistleblower
41428,Поле чудес: Официальная игра
40831,The Sims 3: Generations
40795,Mass Effect 2: Arrival
37710,Корсары: Возвращение легенды
35971,FIFA 2005
35297,Sacred
34779,Freedom Fighters
33528,GoldenLand: Cold Heaven
30733,Operation Flashpoint: Resistance
30426,Unreal
28009,Tokyo Mirage Sessions #FE
27984,Super Mario Maker
27979,Bravely Default
19287,Heroes of Might & Magic V: Hammers of Fate
17599,Mortal Kombat Komplete Edition
16062,Hello Charlotte
14684,Melty Blood Actress Again Current Code
14136,Blitzkrieg Anthology
13780,Sid Meier's Civilization IV
13460,Disney•Pixar Cars Mater-National Championship
12613,"Codename: Panzers, Phase Two"
11938,Nancy Drew: Danger on Deception Island
11542,My Summer Car
10241,Thief II: The Metal Age
10040,Stellaris
9850,Rise of Nations: Extended Edition
9551,Deep Rock Galactic
8650,Mushroom Wars 2
7380,DRAGON QUEST III
4859,Ys: The Oath in Felghana
4678,Streets of Rage 2
4564,DAYTONA USA
4414,Grand Theft Auto: Episodes from Liberty City
4107,Metal Gear Solid: Peace Walker
2640,Framed
2495,Jade Empire: Special Edition
2023,Pudding Monsters
1467,Rayman Fiesta Run
517,Alto's Adventure
129,Sky Force Reloaded
975753,Apollo Justice: Ace Attorney Trilogy
968205,Fears to Fathom - Ironbark Lookout
881388,GODDESS OF VICTORY: NIKKE
874506,WRC Generations – The FIA WRC Official Game
742771,Street Fighter 6
684926,Bad End Theater
665036,Chaos and Peace
647549,The King of Fighters XV
590320,FNF / Sky TEST
581183,Toree 3D
560733,Diablo II: Resurrected
487913,Pikmin 3 Deluxe
484912,Record of Lodoss War: Deedlit in Wonder Labyrinth
484223,Perfect Vermin
442857,Tomb Raider: Definitive Edition
377822,Breeders of the Nephelym: Alpha
298439,Crime Scene Cleaner
290868,Naruto: Clash of Ninja 2
257242,Shin Megami Tensei V: Vengeance
241043,Mortal Kombat: Shaolin Monks
75108,Habbo - Virtual World
60616,Swords and Souls: Neverseen
60616,Swords and Souls: Neverseen
59189,Valkyria Chronicles 3: Unrecorded Chronicles
58834,Guacamelee! 2
58632,Prey (2006)
58003,X-Men vs. Street Fighter
57938,Twisted Metal 4
57045,General Chaos
56962,Castlevania: Bloodlines
56196,Second Sight
56069,Harvest Moon: A Wonderful Life
53381,The Lord of the Rings: The Return of the King
53196,Bomberman (1983)
52978,Galerians
52723,Bishoujo Senshi Sailor Moon (1993)
52621,Boulder Dash (1984)
46161,Golf Story
44525,Yakuza Kiwami
43878,Cooking Fever
42215,Dying Light
42191,Yakuza
41961,BioShock 2: Minerva's Den
38732,I-Fluid
36525,Big Mutha Truckers 2: Truck Me Harder!
35949,Asterix & Obelix XXL - Kick Buttix!
34777,Black & White 2
34027,Косынка
31476,Harry Potter and the Chamber of Secrets
30657,The Ultimate Doom: Thy Flesh Consumed
30517,Teenage Mutant Ninja Turtles (1990)
30257,Space Quest 1: Roger Wilco in the Sarien Encounter
30176,Phantasy Star Online
29236,Tunic
28218,Shadow Complex
28202,Wolfenstein II: The New Colossus
27993,Yo-kai Watch
27970,Mario Kart 7
27620,Mario & Luigi: Partners in Time
26753,Kirby Mass Attack
25496,Space Invaders Extreme
25200,Super C
24558,Professor Layton and the Diabolical Box
23767,Captain Toad: Treasure Tracker
23763,Super Smash Bros. Wii U
22928,Tzar: The Burden of the Crown
21960,You Don't Know Jack HD
21353,Chris Sawyer's Locomotion
19355,Call of Cthulhu: Dark Corners of the Earth
14726,Guilty Gear X2 #Reload
13635,Pajama Sam 2: Thunder and Lightning Aren't So Frightening
13535,Left 4 Dead
12908,TrackMania² Stadium
12662,LEGO Star Wars - The Complete Saga
12092,Age of Empires III: Complete Collection
11755,"Runaway, A Road Adventure"
10372,Skylar & Plux: Adventure On Clover Island
10081,Detention
5360,SimCity 2000
5192,Oddworld: Abe's Exoddus
5158,Legacy of Kain: Soul Reaver
4332,Spec Ops: The Line
3603,Metro 2033 Redux
3209,Until Dawn
2908,Grand Theft Auto: The Trilogy
2288,Zero Escape: Zero Time Dilemma
1649,New Star Soccer
1256,XCOM 2
691,Card Crawl
359,Flywrench
981933,Mullet MadJack
965898,Underground Blossom
948000,Demonologist
850682,Fire Emblem Engage
830059,Coral Island
804768,The Looker
651270,The Legend of Heroes: Trails to Azure
622636,Bloodwash
622615,Luna's Fishing Garden
494664,Baldi's BASICS Plus Android
482920,TOEM
411643,Dadish
394391,Mass Effect 2: Kasumi – Stolen Memory
383499,Sneaky Sasquatch
302974,Cadence of Hyrule
244718,Dark Souls Trilogy
59823,Exiled Kingdoms
59704,Game Dev Studio
59282,Darkwatch
58341,Castlevania: Curse of Darkness
57399,Kirby Super Star (1996)
56099,Mario Golf: Toadstool Tour
53877,Jackal (1986)
53743,Castlevania III: Dracula's Curse
53394,Mario Party
50292,Egypt Old Kingdom
49225,DRAGON BALL FighterZ
43350,Destiny: The Taken King
42330,Football Manager 2014
40619,Burnout 2: Point of Impact
40300,Battlefield: Bad Company 2 - Vietnam
38002,Neverwinter Nights 2: Mask of the Betrayer
37520,Sexy Beach 3
37251,Alien Hominid
35326,Tom Clancy's Splinter Cell: Pandora Tomorrow
34616,Zoo Tycoon: Marine Mania
32477,Lotus: The Ultimate Challenge
32415,The Sims: House Party
32371,POD
32280,Stunts
32007,Need for Speed 2
31113,Warcraft 2: Battle.net Edition
30558,Nocturne
29494,Quest for Glory 3: The Wages of War
29051,Lost Odyssey
28212,The Dishwasher: VS
27284,Mario & Luigi: Dream Team
26522,Just Dance 2
26226,Silent Hill: Shattered Memories
25402,Kirby: The Crystal Shards (Wii)
24973,Trauma Center: Under the Knife
24896,Contra III: The Alien Wars
24015,Mega Man IV
23873,Super Paper Mario
23600,Diablo III
23039,Albion
22740,Capitalism 2
22639,Anno 1701 A.D.
19487,Alan Wake
16443,Lords of the Realm II
16425,Red Comrades 3. Return of Alaska: Reloaded
14625,Medieval II: Total War
13164,Putt-Putt Travels Through Time
12020,Left 4 Dead 2
10879,Ultimate Chicken Horse
10217,Automobilista
7993,VOEZ
5428,Jeanne d'Arc
5390,Burnout Paradise
5352,Patapon
4470,Jak II
4356,LittleBigPlanet 2
4117,Zone of the Enders HD Collection
3179,LittleBigPlanet
2880,Dark Cloud 2
2666,Mini Metro
1152,Thumper
562,Game Dev Story
472,Kingdom Hearts HD 2.8 Final Chapter Prologue
962109,Cyberpunk 2077 & Phantom Liberty Goodies Collection
912009,Age of Wonders 4
894580,Nordic Ashes: Survivors of Ragnarok
866362,NWO Tortureware 6.66
854494,1000xResist
694456,Blue Archive
570074,Teenage Mutant Ninja Turtles: Shredder's Revenge
518596,Nioh 2 – The Complete Edition
510793,GDevelop Online Multiplayer Game Template
494379,The Invincible
468988,God of War: Betrayal
442839,Observer: System Redux
427608,Crab Champions
405280,Arknights
387345,Yakuza 4 Remastered
367278,Offroad online RTHD ( 2019 )
345351,Déraciné
331088,FTL: Advanced Edition
309733,Picross S3
298424,Curious Expedition 2
257251,Shin Megami Tensei: Devil Summoner - Raidou Kuzunoha vs. the Soulless Army
68984,Love Nikki-Dress UP Queen
61332,World of Horror
54556,Wave Race 64: Kawasaki Jet Ski
53900,King's Quest V
53243,Disney's Brother Bear
52926,FIFA 97
52891,Driver 2
52764,Bushido Blade
52576,River Raid
52297,DJMax Respect
52172,Layers of Fear: Legacy
50165,Neverwinter Nights: Enhanced Edition
47094,Cogmind
46967,Tametsi
42848,Dark Souls II: Crown of the Ivory King
38815,Football Manager 2009
36877,Warhammer Online: Age of Reckoning
36142,Colin McRae Rally 2005
35948,SWAT 4
35576,The Simpsons: Hit & Run
35038,Pirates of the Caribbean
32324,Color Lines (1992)
32206,Hellfire: Diablo Expansion Pack
32176,Paperboy 2
31759,Tomb Raider
30504,Need for Speed 3: Hot Pursuit
27651,Hatsune Miku: Project Mirai DX
26941,Metal Slug 4
26655,Okamiden
26336,Red Steel 2
24353,Guitar Hero: Warriors of Rock
24072,The Legend of Zelda
22238,SWAT 3: Tactical Game of the Year Edition
20144,RPG Maker 2003
16431,Robin Hood: The Legend of Sherwood
15286,NITE Team 4
14123,The Hex
13941,Sea Dogs: To Each His Own
13350,Deponia Doomsday
11839,Pathologic 2
10767,Shadow Tactics: Blades of the Shogun
10446,Turok 2: Seeds of Evil
8756,Neko Atsume: Kitty Collector
5562,Fallout 3
5078,Magic Carpet
4755,Disney's Hercules: The Action Game
4602,Bulletstorm
4005,Wolfenstein 3D
3933,Tom Clancy’s Splinter Cell Blacklist
3896,Fatal Frame III: The Tormented
3617,Makai Senki Disgaea 4 Return
2913,The Banner Saga
2364,DOOM II RPG
2350,Guilty Gear Xrd -REVELATOR
464,Baldur's Gate: Enhanced Edition
198,Infinity Blade II
987121,ANOMALOUS COFFEE MACHINE
894428,Wavetale
879558,Venba
850698,Like a Dragon: Ishin!
748452,Warrior Girl
638642,Resident Evil Code: Veronica X HD
563855,SpongeGlock SquarePants
552774,Pimp My Gun (Beta 2021+ (v0.7.0.6) Restored)
476120,AI Limit
428208,Monster Train
395155,Little Nightmares: The Depths
394398,Mass Effect 3: Extended Cut
367197,Ni no Kuni: Wrath of the White Witch Remastered
362862,Beat Blast
350793,We Become What We Behold [Fan-Made Port]
306114,Furry Girl 🐺
302303,Windjammers 2
285682,Devotion
284664,Streets of Rage 4
62423,Dicey Dungeons
60769,Football Manager 2019
60615,Virtual Virtual Reality
57913,Tomba!
57410,Lufia II: Rise of the Sinistrals
57138,Phantasy Star IV: The End of the Millennium
54437,Mario Party 3
54424,Kirby 64: The Crystal Shards
47118,The Jackbox Party Pack 4
46964,Astro Bears Party
43242,Gears of War: Ultimate Edition
42847,Dark Souls II: Crown of the Old Iron King
42288,Metal Gear Solid: Peace Walker HD Edition
42186,Borderlands 2: Tiny Tina's Assault on Dragon Keep
41201,The Sims 3: Showtime
40877,Fallout: New Vegas - Lonesome Road
36981,SWAT 4: The Stetchkov Syndicate
35840,SpellForce: The Breath of Winter
35233,Hugo: Bukkazoom!
32130,King's Quest 7: The Princeless Bride
31869,Wet: The Sexy Empire
31629,Mortal Kombat (1993)
29746,Guild Wars 2
28760,Virtua Tennis 3
27080,Star Fox 64 3D
24881,Pac-Man
24600,Klonoa
23143,Sea Dogs: City of Abandoned Ships
22848,Torin's Passage
22813,Heroes Chronicles: All chapters
22797,Moto Racer
22704,Rayman 3: Hoodlum Havoc
21490,Pilot Brothers
20805,Vangers
19476,Call of Duty: United Offensive
19395,Sacrifice
17998,Antichamber
17925,Fable Anniversary
17595,Pajama Sam: No Need to Hide When It's Dark Outside
16516,The Fruit of Grisaia
16264,Commandos: Beyond the Call of Duty
10715,Hearts of Iron IV
10039,Tyranny
9839,Out of the Park Baseball 18
5355,The King of Fighters '99
4427,BioShock 2
4397,Battlefield 3
4252,Mirror's Edge
2574,Enter the Gungeon
2115,Overcooked
1236,Thimbleweed Park
1090,This War of Mine
693,The Last Guardian
422,Terraria
894577,Melatonin
762618,Return to Monkey Island
741499,FINAL FANTASY IV  Pixel Remaster
669325,Castlevania Advance Collection
590371,Baldi's Basics 1.3.1 Mod Menu
564757,Sifu
545036,Mad Games Tycoon 2
456614,Лунтик X 2 он вернулся с жаждой мести
395185,Life is Strange: Before the Storm - Farewell
383623,Digimon Story Cyber Sleuth: Complete Edition
342533,Tiny Room Stories: Town Mystery
330402,N.O.V.A. 3: Near Orbit Vanguard Alliance
321369,Archero
295020,Wasteland 3
258322,Blasphemous
257236,Persona Q2: New Cinema Labyrinth
248535,SYNTHETIK: Legion Rising
244722,Thronebreaker: The Witcher Tales
62351,A Fisherman's Tale
58966,BanG Dream! Girls Band Party!
57794,Spider-Man 2: Enter Electro
56993,Desert Demolition
55258,Tetris Attack
53974,Ninja Gaiden II: The Dark Sword of Chaos (1990)
52387,Lumines Remastered
49499,LocoRoco 2 Remastered
49304,Digimon Story Cyber Sleuth: Hacker’s Memory
46956,Doki Doki Literature Club!
45957,Prince of Persia (1989)
44484,BattleBit
41264,Naruto: Ultimate Ninja 3
40378,The Sims 3: Late Night
39996,Assassin's Creed II: The Battle of Forli
35573,Harry Potter and the Prisoner of Azkaban
34749,Naruto Shippuden: Ultimate Ninja 5
31859,Oni
31439,3D Pinball: Space Cadet
29149,BLACK
28203,Forza Motorsport 7
28145,MIGHTY GUNVOLT BURST
27938,SteamWorld Dig 2
27913,Puyo Puyo Tetris
27437,Mario Tennis: Power Tour
27370,Inazuma Eleven
27235,Luigi's Mansion: Dark Moon
25886,Pitfall: The Mayan Adventure
24507,Drawn to Life: The Next Chapter
24493,New Super Mario Bros. Wii
23994,Professor Layton vs. Phoenix Wright: Ace Attorney
23789,Disgaea 5 Complete
23393,WILL: A Wonderful World / WILL：美好世界
23345,Hakuoki: Kyoto Winds
23154,Hidden & Dangerous 2: Courage Under Fire
23043,Revenant
22703,Wing Commander: Privateer
19701,Command & Conquer 3: Tiberium Wars
19419,LUMINES
17822,The Witcher: Enhanced Edition Director's Cut
16122,LOOM
15834,The Walking Dead: Season 2
15730,The Pedestrian
15713,Chaos on Deponia
11689,Nancy Drew: Warnings at Waverly Academy
11413,OMSI 2
10178,Tron 2.0
6256,METAL SLUG 2
5706,Valkyria Chronicles
5356,Soulcalibur: Broken Destiny
5286,Tomb Raider (2013)
5282,Bloody Roar
5143,Dino Crisis
4025,Ninja Gaiden Sigma 2
2740,DIGIMON STORY CYBER SLEUTH
1922,FINAL FANTASY V
972271,Death Must Die
961684,Killer Frequency
702341,Milk outside a bag of milk outside a bag of milk
667649,Indika
611683,Overboard! (2021)
548036,Loop Hero
484852,Roboquest
380790,One Room: Runaway Girl
379249,Gacha Life 2
376973,Hydroneer
366083,Black Book
341576,Solitaire (1990)
303875,The Long Drive
264792,DEEP SPACE WAIFU: NEKOMIMI
259786,QuackShot
255827,Tetris (Tengen)
79838,Freddi Fish 1: The Case of the Missing Kelp Seeds
62531,Quarantine Circular
57375,Harvest Moon
57043,Gargoyles
56103,Mario Party 5
54779,Virtua Cop 2
53943,Mega Man 5 (1992)
53916,Life Force
53820,The Flintstones: The Rescue of Dino & Hoppy
53663,Adventure Island II (1991)
52937,Final Fantasy IV (1991)
52810,Colin McRae Rally (1998)
52336,Age of Empires: Definitive Edition
52177,Alto's Odyssey
51921,Cytus II
47463,The Invisible Hours
42457,Diablo III: Ultimate Evil Edition
39317,MotorStorm: Arctic Edge
39092,Grand Theft Auto IV: The Lost and Damned
36514,Age of Empires III
36381,Psi-Ops: The Mindgate Conspiracy
34997,Neighbours from Hell 2: On Vacation
31482,Driver (1999)
30669,Neverwinter Nights 2
30606,Need for Speed: High Stakes
29561,Command & Conquer: Tiberian Sun - Firestorm
28480,Condemned
28000,Bravely Second: End Layer
26520,Super Scribblenauts
26059,Scribblenauts
25507,Final Fantasy Tactics A2: Grimoire of the Rift
25137,Castlevania
24478,Super Mario Kart
22896,Neverwinter Nights 2 Complete
22727,Jagged Alliance
22708,Wing Commander 3 Heart of the Tiger
22470,Insaniquarium Deluxe
19301,Counter-Strike
18635,MX vs. ATV Unleashed
13331,Disney's Chicken Little
10293,Tabletop Simulator
9883,Distance
9864,The Isle
9845,Total War: WARHAMMER
6959,Angry Birds Star Wars II
5540,Devil May Cry
5501,Syphon Filter
5250,Fight Night Round 3
5248,Disgaea: Afternoon of Darkness
4474,Super Stardust Delta
2553,Ratchet & Clank
865,Call of Duty: Black Ops
983203,Alan Wake 2: Night Springs
959817,Wuthering Waves
610296,Kraken Academy!!
560755,Trader Life Simulator
542585,Pillars of Eternity - Definitive Edition
520359,Mortal Kombat 11 Ultimate
479678,Shadow of the Tomb Raider: Definitive Edition
471031,As Dusk Falls
442863,Alan Wake: The Writer
397523,Sweet Dance
397477,Resident Evil 3
366884,Ion Fury
364942,Unpacking
274670,The Last Campfire
61694,Noita
60817,Forager
58654,Hitman 2
57950,Theme Park World
57705,R4: Ridge Racer Type 4
54660,The House of the Dead 2
52649,Ace Combat 2
52391,Adventure
51435,Wilmot's Warehouse
50566,Halo 3: ODST
49498,Moss
40588,Fallout: New Vegas - Dead Money
40092,The Sims 3: Ambitions
39685,World of Warcraft: Cataclysm
36527,Worms 4: Mayhem
32325,Heroes of Might and Magic 4: The Gathering Storm
31977,Taz: Wanted
31510,SimCity 4
30036,Commander Keen 4: Secret of the Oracle
29173,Dishonored: Death of the Outsider
28505,The Darkness
28437,Banjo-Tooie
28172,Kingdom Come: Deliverance
27023,The Legend of Zelda: Phantom Hourglass
26781,Kirby's Return to Dream Land
25909,X-Men Origins: Wolverine
25454,Pokémon Mystery Dungeon: Explorers of Time
25306,WWE SmackDown vs. Raw 2008
22638,Anno 1503 A.D.
17597,Ikaruga
12824,Mansions of Madness
12075,Timespinner
7689,Rise of the Tomb Raider
5543,Colin McRae: DiRT 2
5235,Burnout Legends
5144,Fighting Force
4195,Tekken Tag Tournament 2
4037,Guilty Gear XX Accent Core Plus R
3751,Dark Souls II
3133,The Jackbox Party Pack 2
2361,Psychonauts
41,Little Nightmares
29,South Park: The Fractured But Whole
817974,Wallpaper Engine
799381,Beacon Pines
564761,Pokémon Legends: Arceus
331807,Double Dragon II: The Revenge
319138,Castlevania Anniversary Collection
282807,Dragon Quest Builders 2
274571,Crash Team Racing Nitro-Fueled
263537,Samsara Room
59637,Untitled Goose Game
59124,Nintendo World Cup
54441,Medal of Honor: European Assault
53546,Sonic Advance
53466,Pac-Man World 2 (2002)
52831,Crash Bash
46270,Darkestville Castle
45636,Football Manager 2018
43426,Dying Light: The Following
42767,Dark Souls II: Crown of the Sunken King
41006,Football Manager 2012
39128,inFamous
37420,F.E.A.R. Extraction Point
36390,The Punisher
35808,Zoo Tycoon 2
35569,Chaos Legion
31951,Syndicate (1993)
31542,Indiana Jones and the Last Crusade: The Graphic Adventure
30739,The Settlers 3
27407,Kirby: Triple Deluxe
27026,Animal Crossing: City Folk
24918,F-Zero
24687,Spider-Man: Web of Shadows
24619,Broken Sword 1 - Shadow of the Templars (The Director's Cut)
23120,SPORE Collection
23116,Emperor: Rise of the Middle Kingdom
22789,Serious Sam: The First Encounter
22702,Dungeon Keeper Gold
20987,Star Wolves
19704,Praetorians
19482,FlatOut
19382,GUN
19008,Freddi Fish 3: The Case of the Stolen Conch Shell
17084,Red Comrades Save the Galaxy: Reloaded
14477,Freddi Fish 2: The Case of the Haunted Schoolhouse
14183,"Please, Don't Touch Anything 3D"
10261,Homeworld Remastered Collection
5689,The Sims 3
5234,Burnout Dominator
5154,Tekken 6 (PSP)
4340,Uncharted: Drake's Fortune
4297,Dragon's Dogma
3763,Tales of Symphonia (2014)
2992,Nuclear Throne
2828,NARUTO SHIPPUDEN: Ultimate Ninja STORM 4
1081,Rez Infinite
976005,Until Dawn (2024 Remake)
650604,Marvel's Midnight Suns
631942,RoboCop: Rogue City
622496,WarioWare: Get It Together!
616686,Doki Doki Literature Club Plus!
552923,Total War: WARHAMMER III
440080,Mortal Kombat 11: Aftermath
388313,Control: The Foundation
371847,River City Girls
370260,Football Manager 2020
343595,Sonic Adventure
325032,Shadows of Doubt
300682,Ready or Not
244698,Sky: Children of the Light
57239,Vectorman (1995)
56216,Star Fox Adventures
53422,Micro Machines (Old)
50131,Prehistorik 2
45660,Super Bunny Man
43078,Portal Stories: Mel
37745,TrackMania United
36513,Star Wars: Empire at War
35303,Scrapland
29787,Maniac Mansion
28540,Fight Night Champion
28483,Ninja Gaiden II
28409,Geometry Wars Evolved
27138,Mario Power Tennis
22790,Serious Sam: The Second Encounter
22289,Shogo: Mobile Armor Division
21596,Carmageddon Max Pack
19551,Technobabylon
18241,DmC: Devil May Cry
16723,Gunpoint
16286,Quadrilateral Cowboy
12899,Jagged Alliance 2 - Wildfire
12648,"Warhammer 40,000: Dawn of War - Soulstorm"
11615,Rabi-Ribi
7769,Broken Sword 2 - The Smoking Mirror (Remastered)
5084,Populous: The Beginning
2848,Gravity Rush Remastered
2733,Broforce
2536,Axiom Verge
1692,Crimsonland
1140,World of Goo
36,TEKKEN 7
857690,Brotato
654591,Alan Wake Remastered
61176,Bloodstained: Ritual of the Night
58816,Trover Saves the Universe
57048,Golden Axe II (1991)
54484,Pokémon Stadium 2
54481,Pokémon Stadium
54439,Mario Tennis (2000)
52997,Grand Theft Auto 2
52106,Escape from Tarkov
49268,Amid Evil
46889,Monster Hunter: World
41162,World of Warcraft: Mists of Pandaria
40432,Resistance 3
39727,Enslaved: Odyssey to the West
39502,Fallout 3: Point Lookout
35818,Shrek 2: The Game
22803,Heroes of Might and Magic 4: Complete
21956,WWE SmackDown vs RAW 2011
19166,System Shock (1994)
19093,Another World – 20th Anniversary Edition
18541,Hexcells Infinite
8098,Forza Motorsport 6
7477,Rusty Lake Roots
4581,Crysis
4546,Red Dead Redemption: Undead Nightmare
4520,Alice: Madness Returns
4469,Jak and Daxter: The Precursor Legacy
4206,Vanquish
4059,Grand Theft Auto: Vice City Stories
3548,Nidhogg
2942,The Legend of Heroes: Trails of Cold Steel
2873,The Witness
802,Borderlands 2
996440,Lonely Mountains: Snow Riders
990559,Kletka
985578,Kunitsu-Gami: Path of the Goddess
978868,Enotria: The Last Song
976166,Granblue Fantasy Relink
975426,The Cub
975269,Turnip Boy Robs a Bank
973539,No Rest for the Wicked
972924,Furi Demake - The Chain
972362,Loddlenaut
972242,Refind Self: The Personality Test Game
971515,Shadow Tactics: Aiko's Choice
965508,Sex Play - BDSM
965019,BlazBlue Entropy Effect
964421,Thronefall
964052,Let's School
962462,Agatha Christie - Murder on the Orient Express
962137,Jusant
961583,Return to Grace
960527,Nocturnal
959981,Beat Banger
959830,Volcano Princess
959763,Firmament
949947,BETON BRUTAL
934643,The Thaumaturge
914904,Wall World
914784,Tails Noir Preludes
914782,Horny Recruiter
898346,Dead Cells: Return to Castlevania
896624,Insomnia: Theater in the Head
889913,Super Kiwi 64
881134,Botany Manor
879561,Shadows Over Loathing
857613,Teslagrad 2
816303,Ravenswatch
813649,A Building Full of Cats
804762,Two Beasts or Not to Beast!!
801469,Forza Horizon 5: Hot Wheels
799260,Remnant: From the Ashes - Subject 2923
791752,Decarnation
787607,Golf Gang
785787,The Bathhouse | 地獄銭湯
772616,Ember Knights
748420,Urban Demons
748378,Night Of Revenge
743628,A certain housewife's secret money earner
743473,Ayura Crisis!
743424,Alien Quest: Eve
741690,Supercow
738133,Leap of Faith
736263,Live A Live Remaster
736259,Nintendo Switch Sports
727332,Hugo: Jungle Island
723028,Minsk Subway Simulator 2D - 1984
717517,Bad Piggies Leading Edge Mod Apk
707255,My Friend Pedro: Ripe for Revenge
705680,Star Trek: Resurgence
704811,The Matrix Awakens
704771,Loop Odyssey
697546,Looking for Aliens
697520,Secret Summer
688900,MILFs of Sunville
688798,Dogs Organized Neatly
688395,SHREK'S FUNDERLAND!
684947,SCP: Containment Breach Multiplayer
681463,Escape Simulator
678642,The Jackbox Party Pack 8
678537,Sakura Hime
670934,Toree 2
664866,Roots of Pacha
651283,The Captain
637422,100 hidden cats 2
635359,The Last Stand Legacy Collection
631947,Rogue Lords
622555,Grapple Dog
602347,Frostpunk: Game of the Year edition
597153,Harem Heroes
596751,Deepest Sword
573127,Outer Worlds: Murder on Eridanos
566464,Astral Ascent
560814,Time Loader
553145,Catastrophe Crow N64 Unity Project [LEAKED FILE!]
552916,Lorn's Lure
535702,Stasis: Bone Totem
530496,Season
518599,Dragon Ball Z: Dokkan Battle
499262,OneChanbara ORIGIN
496132,Henry Stickmin Collection
493464,Tesla Force
493461,Stirring Abyss
493428,Milo and the Magpies
491595,Iron Meat
491187,Wobbly Life
489300,Fallen Aces
484946,Bad Guys at School
484716,Operation: Tango - Demo
484577,Roadwarden
484531,Blade Assault
474581,Siren Head: Stranded
473682,Ravenfield Build 19
456863,HELLCARD
455513,Gloomwood
450228,The Walking Dead: Episode 5 - No Time Left
450218,Shrek 2: Team Action
447802,Toejam & Earl in Panic on Funkotron
445994,Sonic Dreams Collection
438639,Manor Matters
430513,Castle in The Clouds
430407,Void's Calling ep.1
430237,The Supper
428839,Rogue Legacy 2
428180,PAPER TANKS
428169,Marco & The Galaxy Dragon
423963,Tuning Club Online
420969,Honey Select
417710,Custom Outfits - Queens Brothel Mod
416810,Bug Fables: The Everlasting Sapling
413102,Dishonored: Complete Collection
412464,Serious Sam Collection
407570,Patapon 2 Remastered
406008,Grand Mountain Adventure: Wonderlands
405266,Monster Girl Quest
402502,Toy Story (1995)
401802,Super Mario All-Stars and Super Mario World
397411,The Sims 4: Discover University
397040,My Nintendo Picross: The Legend of Zelda: Twilight Princess
396019,The House of Da Vinci 2
395976,My Summer with Mom & Sis
395151,Rise of the Tomb Raider - Baba Yaga: The Temple of the Witch
394394,Unreal Tournament 3
387435,CUPHEAD MOBILE
385586,Art of War: Legions
385536,Raging Loop
383614,DemonCrawl
383508,Hugo: New Year
381002,Bleak Sword
380786,Pilgrims
375199,Assemble with Care
374881,Loli Fantasy RPG
372584,Far Cry 3: Classic Edition
370288,Arrest of a stone Buddha
359801,仙剑奇侠传
359376,Gravitas
359220,Ratropolis
351003,Roguebook
350748,Children of Silentown
350684,In Sound Mind
349610,Le Donjon de Naheulbeuk: L'Amulette du Désordre
347512,Rune Factory 5
338128,Geometry Dash Toxic
335878,Xenosaga Episode III: Also sprach Zarathustra
335037,Nayuta no Kiseki
333151,Digimon World Re: Digitize
331095,Genji: Dawn of the Samurai
330987,Heavy Rain & Beyond: Two Souls Collection
330772,Naruto Shippuden: Ultimate Ninja Impact
330584,LEGO Island
330551,Scooby-Doo! Case File #2: The Scary Stone Dragon
329549,RESIDENT EVIL 7 Not A Hero
326782,My Hunting Adventure Time v1.26
324185,Figment: Creed Valley
324004,Demonophobia
323062,Frog Fractions
319118,Batman Returns (Nintendo)
316107,Robux.
313787,Mushroom Cats
307130,Pink Tac Toe
298392,Naruto Online [US]
295048,DEEP SPACE WAIFU: WORLD
292854,Dance of Death: Du Lac & Fey
288865,ANOTHER EDEN
287342,Subnautica: Below Zero
282817,Quarantine (1994)
281866,Naruto: Ultimate Ninja Heroes 2: The Phantom Fortress
277932,SpellForce 3: Soul Harvest
277818,Thirstiest Time of the Year
276675,Insomnis
274771,AdventureQuest Worlds
272516,DYNASTY WARRIORS 7: Xtreme Legends Definitive Edition / 真・三國無双６ with 猛将伝 DX
269933,Lewd Leaf Land - Maple Tea Ecstasy
268353,MewnBase
264728,Bloody Roar 4
264670,BattleTech: A Game of Armored Combat
262372,Ar tonelico II: Melody of Metafalica
262371,Ar Tonelico: Melody of Elemia
261274,Montaro RE
259780,Doom Troopers: Mutant Chronicles
255834,True Fear: Forsaken Souls Part 2
254643,MUSYNX / 同步音律喵赛克
254547,Death Trash
248521,Valheim
246473,Fire Emblem: Genealogy of the Holy War
243206,DreadOut 2
243197,Capcom Beat 'Em Up Bundle / カプコン ベルトアクション コレクション
243170,Snow Daze: The Music of Winter Special Edition
232259,Fleeing the Complex
222674,PinOut
221017,GROW CUBE
220100,FRAG Pro Shooter
101392,Ryona Assassins - testing build 03
98142,Spewer
76429,Empires & Puzzles: RPG Quest
74652,DRAGON BALL LEGENDS
74307,Darkness Rises
74229,Score! Match
73706,Board Kings
69052,Swamp Attack
65406,Geometry Dash Lite
63573,Kaze and the Wild Masks
63450,The Coin Game
62775,Nova Drift
62449,Kingmaker: Rise to the Throne
61697,Tower Hunter:Erza's Trial
61190,Her Lie I Tried To Believe
60606,Sagebrush
60582,Path of Sin: Greed
60323,Zeliria Sanctuary
60132,Perky Little Things
59960,Star Valor
59284,Steambot Chronicles
59219,Wild Arms Alter Code: F
59151,Dino Crisis 3
59148,Maximo vs. Army of Zin
59130,EyeToy: Play 3
59034,Slendytubbies 2
59024,Sonic Mania Plus
58731,The Sims 4: Seasons
58653,Candy Box!
58534,Metal Gear 2: Solid Snake
58009,Yu-Gi-Oh! Forbidden Memories
57851,Thrill Kill
57841,Tekken 2 (1995)
57760,Shin Megami Tensei: Devil Summoner: Soul Hackers (1997)
57488,Sparkster
57485,Soul Blazer
57427,Metal Warriors
57409,Lufia & the Fortress of Doom
57186,Splatterhouse 3
56983,Cyborg Justice
56916,Alisia Dragoon
56826,Super Monaco GP
56108,Mario Superstar Baseball
56096,Lost Kingdoms II
56029,Donkey Kong Jungle Beat
55896,RoboCop Versus The Terminator
55873,Operation C
55848,Donald in Maui Mallard
55714,Wipeout 2097
55368,Bonanza Bros. (1990)
55299,Super Star Wars: Return of the Jedi
55287,Real Bout Fatal Fury Special
55268,Donkey Kong Land
54951,Alien Storm (1991)
54921,Wacky Races (1991)
54821,Dragon Quest III (1988)
54765,Virtua Tennis 2
54663,Illbleed
54513,Star Wars Episode I: Battle for Naboo
54508,Robotron: 2084
54423,Killer Instinct Gold
54417,International Superstar Soccer 64
54388,Extreme-G
54376,Cruis'n World
54361,Bomberman 64: The Second Attack
54287,NHL '94
54193,Magic Jewelry
54106,Toki
54103,Tiny Toon Adventures 2: Trouble in Wackyland
54085,Disney's TaleSpin
54013,Rambo
54002,The Punisher (1990)
53856,Gun-Nac
53771,Crystalis
53597,Sword of Mana
53572,Summon Night: Swordcraft Story
53567,Star Wars Trilogy: Apprentice of the Force
53524,Shaman King: Master of Spirits
53516,Scooby-Doo! Unmasked
53501,Road Rash: Jailbreak
53413,Mega Man Zero 2
53316,Gunstar Super Heroes
53291,Final Fight
52989,Gex 3: Deep Cover Gecko (1999)
52931,FIFA Football 2005
52929,FIFA Football 2003
52928,FIFA (1993)
52925,FIFA Soccer 96
52922,Fear Effect
52896,Dune 2000
52869,Digimon World
52807,Clock Tower: Ghost Head
52798,Chocobo Racing
52771,Bust a Groove 2
52663,Alundra 2: A New Legend Begins
52647,007 Racing
52438,Ms. Pac-Man
52385,Pode
52334,Guitar Hero
52005,7 Billion Humans
50920,Electronauts
50025,Universal Paperclips
49419,Juicy Realm
48626,DRAGON QUEST IV
48617,Dumb Ways to Die 2: The Games
48108,Sonic 4 Episode I
48026,The Battle Cats
46963,Kenshō
46184,Stone Story RPG
45485,Way of the Passive Fist
45185,GuJian 古剑奇谭
45058,Collar X Malice
44888,Draw Your Game
44563,Monster Hunter Stories
44048,Princess Maker 3: Fairy Tales Come True
43146,Resident Evil: Revelations 2 - Episode 3: Judgment
43032,Objects In Space
42990,Tales from the Borderlands: Episode Two - Atlas Mugged
42874,PayDay 2: The Big Bank Heist
42537,Don't Starve: Reign of Giants
42230,Titanfall
41666,Disaster Report
41583,Dragon Ball Z: Budokai HD Collection
41523,The Sims 3: Supernatural
41448,The Walking Dead: Episode 2 - Starved for Help
41133,Dragon Age 2: Mark of the Assassin
40724,Mass Effect 2: Overlord
40722,Champions: Return to Arms
39993,The Sims 3: High-End Loft Stuff
39414,Barbie Fashion Show
39336,Guitar Hero: Smash Hits
39236,Shin Megami Tensei: Devil Summoner 2 - Raidou Kuzunoha vs. King Abaddon
39233,Prince of Persia: Epilogue
39129,OutRun Online Arcade
39067,Disney Piglet's Big Game
38937,Mushroom Age
38788,W.I.T.C.H.
38335,Bejeweled
38265,Artificial Girl 3
38137,Sherlock Holmes vs. Jack the Ripper
38117,Cities XL
38066,Age of Empires III: The Asian Dynasties
37494,Garfield 2
37273,The Movies: Stunts & Effects
37210,Sonic Mega Collection Plus
36986,The White Chamber
36967,The Sims 2: Open for Business
36885,FIFA Manager 06
36771,Zoo Tycoon 2: Endangered Species
36764,Football Manager 2006
36488,Conflict: Global Storm
36402,The Sims 2: University
36371,The SpongeBob SquarePants Movie
36235,Firefly Studios' Stronghold 2
36199,Nancy Drew: The Curse of Blackmoor Manor
36143,Star Heritage: The Black Cobra
36074,18 Wheels of Steel: Pedal to the Metal
36045,Tibia
36028,Nibiru: Age of Secrets
35985,Silent Hill 4: The Room
35964,ParaWorld
35759,Братья Пилоты. Обратная сторона Земли
35643,Lagsters
35635,Colin McRae Rally 04
35631,COPS 2170: The Power of Law
35550,A.I.M.: Artificial Intelligence Machine
35212,Ford Racing 2
35021,Microsoft Flight Simulator 2004: A Century of Flight
34851,Guild Wars
34685,City of Heroes
34524,SimTower
34685,City of Heroes
34524,SimTower
33795,Mario Brothers
33708,SimCity 3000 UK Edition
33662,Games: Winter Challenge
33112,Frogger (1983)
32892,Abuse
32883,Star Trek: Armada
32762,Woodruff and the Schnibble of Azimuth
32649,Dune
32622,Quest for Glory 1: So You Want to Be a Hero
32389,Shogun: Total War
32359,LEGO Island 2: The Brickster's Revenge
32346,Beavis and Butt-Head Do U
32344,Bug!
32270,The Gift
32252,Blackthorne
32146,Disney's Tigger's Honey Hunt
32142,"Дача Кота Леопольда, или Особенности мышиной охоты"
32055,Ground Control
32025,Another War
31953,Space Quest 3: The Pirates of Pestulon
31920,Star Trek: Deep Space Nine - The Fallen
31764,True Love
31607,Empire Earth: The Art of Conquest
31545,SimCity 2000 for Windows
31518,Heroes Chronicles: The Final Chapters
31498,Moorhuhn: Winter Edition
31392,Toy Story 2
31288,Epic Pinball
31277,Outcast
31207,Project I.G.I.: I’m Going In
31089,Carmageddon Splat Pack
31065,Tom & Jerry: Fists of Fury
31053,Tyrian
30933,FIFA 2002
30918,Global Operations
30911,Safari Biathlon Racer
30726,Tom Clancy's Rainbow Six: Rogue Spear - Urban Operations
30559,Sega Rally Championship 2
30555,MechWarrior 2: Mercenaries
30421,GAG: The Impotent Mystery
30415,The Adventures of Captain Comic
30414,Disney's 102 Dalmatians: Puppies to the Rescue
30384,Братья Пилоты 2: Дело о сеpийном маньяке
30165,Zoo Tycoon: Dinosaur Digs
30130,The Sting!
30093,Pacific Warriors: Air Combat Action
30065,Siege of Avalon
29992,Moonstone: A Hard Days Knight
29966,Jungle Strike
29730,Atomic Bomberman
29541,Discworld Noir
29492,Heroes Chronicles: Conquest of the Underworld and Warlords of the Wasteland
29423,Excessive Speed
29346,Last Day on Earth: Survival
29249,Just In Time Incorporated
29043,BLADESTORM
29035,Radiant Silvergun
29025,Diabolical Pitch
28774,Test Drive Unlimited
28449,Magic 2012
28378,SuperStreetFighter2THD
28284,Tenchu Z
28220,GAROU MOW
28023,Ever Oasis
28022,"Snipperclips - Cut it out, together!"
28011,Monster Hunter Generations
27982,Affordable Space Adventures
27972,Wii Party U
27832,Azure Striker Gunvolt: Striker Pack
27745,Game & Watch Gallery 4
27518,Ultimate NES Remix
27494,Pokémon Puzzle Challenge
27231,Etrian Odyssey IV: Legends of the Titan
27142,Rhythm Thief & the Emperor's Treasure
26640,Monster Tale
26628,Mario Sports Mix
26544,PokePark Wii: Pikachu's Adventure
25697,Pokémon Ranger: Shadows of Almia
25352,NiGHTS: Journey of Dreams
25261,Lunar Pool
25188,Rune Factory: A Fantasy Harvest Moon
25138,The Legend of The Mystical Ninja
25122,Prince of Persia: Rival Swords
25060,Excite Truck
25004,Big Mutha Truckers
24980,Sonic Rush
24862,Picross DS
24857,Worms: Open Warfare 2
24686,MySims Kingdom
24636,Game Center CX: Arino no Chousenjou
24035,Ice Hockey
24007,2048
23970,Super Mario Bros. Deluxe
23815,Ogre Battle 64: Person of Lordly Caliber
23751,Super Mario Maker for Nintendo 3DS
23295,Ben and Ed - Blood Party
22909,Omikron: The Nomad Soul
22868,Sam & Max Season Three: The Devil’s Playhouse
22863,Interstate '82
22720,Redneck Rampage Collection
22711,The Penumbra Collection
22602,Shotgun Farmers
22427,Drakensang: The River of Time
22222,The Inner World: The Last Wind Monk
21520,Pilot Brothers 2
21293,Luxor 3
21206,911: First Responders
20146,Zoombinis
19859,Umihara Kawase
19826,Uprising: Join or Die
19477,Eschalon: Book III
18071,The Leisure of Grisaia
17005,Puzzle Quest: Challenge of the Warlords
16936,Dracula Origin
16923,RACE On
16920,GTR 2 FIA GT Racing Game
16603,CLANNAD Side Stories
16423,Nostradamus: The Last Prophecy
16238,Space Beast Terror Fright
15970,Ys VI: The Ark of Napishtim
15719,Triennale Game Collection
14994,Alien Soldier
14985,Bonanza Bros.
14177,Puzzle Puppers
13870,Space Colony
13730,Sid Meier's Colonization (Classic)
13570,Game Dev Tycoon
13325,Disgaea 2 PC
13021,Project Arrhythmia
12895,Surge
11811,Nancy Drew: The Phantom of Venice
11759,Screeps
11708,Danmaku Unlimited 3
11364,Ape Out
11323,Universe Sandbox ²
11288,Nancy Drew: Alibi in Ashes
11264,NARUTO SHIPPUDEN: Ultimate Ninja STORM 3 Full Burst
11142,BioShock 2 Remastered
10781,Richie's Plank Experience
10246,A Rose in the Twilight
10210,Tender Loving Care
10050,Thief Gold
9947,Dungeon Painter Studio
9889,Street Legal Racing: Redline v2.3.1
9846,Paint the Town Red
9797,Sky Rogue
9488,New York Mysteries: Secrets of the Mafia
9188,Magic Touch: Wizard for Hire
9060,Drive Ahead!
8508,PES CLUB MANAGER
7450,THE KING OF FIGHTERS '97
7159,Infectonator
6523,Cut the Rope: Magic
6131,realMyst
5978,Human Resource Machine
5653,Singularity
5597,NARUTO Shippuden: Ultimate Ninja Heroes 3
5557,EA SPORTS GRAND SLAM TENNIS 2
5349,Cool Boarders 3
5345,WipEout Pulse
5247,Disgaea 2: Dark Hero Days
5216,Gran Turismo PSP
5206,Midnight Club: L.A. Remix
5123,Castlevania: The Dracula X Chronicles
5085,Sim Theme Park
5009,Fat Princess: Fistful of Cake
4749,The 3rd Birthday
4607,God of War: Origins Collection
4451,NINJA GAIDEN SIGMA PLUS
4399,Darkstalkers 3
4395,Mortal Kombat (PS Vita)
4300,Farm Frenzy 3
4231,"The Chronicles of Narnia: The Lion, The Witch, and The Wardrobe"
4134,Corpse Party: Book of Shadows
4060,Jet Moto
4058,Grand Theft Auto: Liberty City Stories
3979,Muramasa Rebirth
3740,FEZ
3689,Drakengard 3
3587,Fibbage: The Hilarious Bluffing Party Game
3467,Guilty Gear Xrd -SIGN
3346,Wolfenstein: The Old Blood
2998,The Mark of Kri
2984,rymdkapsel
2633,Mr. Driller
2463,Does not Commute
2370,Art of Balance
2351,Prune
2086,Caladrius Blaze
2085,Agent A: A puzzle in disguise
2079,RollerCoaster Tycoon Classic
1786,Death Worm
1774,Grim Fandango Remastered
1587,Mekorama
1553,LONEWOLF
1529,Paint it Back
1191,Robot Unicorn Attack
935,Scribblenauts Remix
930,Party Golf
866,Dodonpachi Resurrection
540,Slayin
426,True Skate
400,Kitty Powers' Matchmaker
233,Modern Combat 4: Zero Hour
162,Tiny Tower Vegas
110,88 Heroes
974482,BUCKSHOT ROULETTE
614961,Planet of Lana
484842,Milk inside a bag of milk inside a bag of milk
452635,Kena: Bridge of Spirits
368952,SnowRunner
60860,Assetto Corsa Competizione
58815,Nioh 2
57596,MediEvil I
54380,Donkey Kong 64
53938,Mega Man (1987)
53803,Duck Hunt (1984)
47234,Nioh: Complete Edition
42138,Duke Nukem 3D: Megaton Edition
32229,Братья Пилоты: По следам полосатого слона
31724,Need for Speed: Hot Pursuit 2
19375,Far Cry 3: Blood Dragon
15512,Alone in the Dark 1
14929,Rome: Total War - Collection
13467,Total War: ROME II - Emperor Edition
13079,Everlasting Summer
10758,American Truck Simulator
9936,Glass Masquerade
4358,Assassin's Creed Revelations
2845,Crypt of the NecroDancer
2090,Worms 2: Armageddon
962108,The Bookwalker: Thief of Tales
795370,Escape Academy
750298,Iron Lung
722688,Strange Horticulture
672323,Storyteller
537743,Ender Lilies: Quietus of the Knights
481904,Card Shark
442866,Paper Mario: The Origami King
398401,Senua's Saga: Hellblade II
378575,Metro Exodus: Sam's Story
370239,Infernax
349557,Frog Detective 2: The Case of the Invisible Wizard
270713,LEGO Star Wars II
263631,Batman: The Enemy Within - Episode 1
258363,Blade and Sorcery
249973,Lorelai
151232,Eliza
58616,Assassin's Creed Odyssey
57918,Harry Potter and the Sorcerer's Stone
55275,Killer Instinct (1994)
55029,Golden Axe (1989)
52875,Donald Duck: Goin' Quackers
52767,Bugs Bunny: Lost in Time
52639,102 Dalmatians: Puppies to the Rescue
51854,Wildermyth
42048,Mass Effect 3: Earth
40035,Naruto Shippuden: Ultimate Ninja Storm 2
39035,Killzone 2
35503,Teenage Mutant Ninja Turtles 2: Battle Nexus
30843,Петька и Василий Иванович 2: Судный день
30198,Rune
29867,Medal of Honor Allied Assault: Spearhead
28386,Halo: Combat Evolved Anniversary
25455,Pokémon Mystery Dungeon: Explorers of Darkness
22969,Z: The Game
22881,Medal of Honor: Allied Assault War Chest
22651,Runaway 3: A Twist of Fate
19491,Burnout Paradise: The Ultimate Box
19347,FlatOut: Ultimate Carnage
19345,Command & Conquer: Red Alert 3
17010,Kentucky Route Zero
16362,Jets'n'Guns Gold
15712,Goodbye Deponia
15666,Master of Orion 2
13469,"Warhammer 40,000: Dawn of War - Game of the Year Edition"
11974,Mark of the Ninja
10903,Brick Rigs
10234,Jazzpunk
5567,Fight Night Round 4
3388,Borderlands: The Handsome Collection
3144,Super Meat Boy
2390,Plague Inc: Evolved
2287,Her Story
1984,Unepic
1105,Duke Nukem 3D: 20th Anniversary World Tour
899,BlazBlue: Central Fiction
486,Tales of Berseria
342,The Jackbox Party Pack
44,The Disney Afternoon Collection
982603,Still Wakes the Deep
830255,PlateUp!
581104,PowerWash Simulator
573119,Severed Steel
496652,Manor Lords
445442,Helltaker
423944,Call of Duty: Modern Warfare 2 Campaign Remastered
394388,Mass Effect 2: Normandy Crash Site
326251,Deathloop
302302,Mutazione
245719,Magic: The Gathering Arena
61741,Supraland
60899,Akane
60634,Cube Escape: Paradox
57424,Mega Man X3 (1995)
55277,Kirby's Dream Land 2 (1995)
54247,Demolition Man
53940,Mega Man 3 (1990)
53723,Blaster Master (1988)
53600,Tales of Phantasia
53168,Breath of Fire (1993)
52988,Gex: Enter the Gecko (1998)
51877,Heaven's Vault
51584,Total War: THREE KINGDOMS
51091,Disney's The Lion King
50311,Descent 2 (1996)
49376,Blazing Beaks
42046,Mass Effect 3: Reckoning
37777,The Sims 2: Seasons
37413,Colin McRae: DiRT
36848,Asterix & Obelix XXL 2 - Mission Las Vegum
35832,Armies of Exigo
31795,Icewind Dale: Heart of Winter
29338,Days Gone
28495,Perfect Dark
28041,Little Nightmares: Secrets of the Maw
23867,Kirby's Epic Yarn
22985,Silver
22731,Simon the Sorcerer
22678,Heroes of Might and Magic: A Strategic Quest
15297,Lucy -The Eternity She Wished For-
14954,THE KING OF FIGHTERS 2002 UNLIMITED MATCH
14156,ENSLAVED: Odyssey to the West Premium Edition
13868,Stronghold HD
10204,Pavlov VR
6877,Pixel Dungeon
5589,MotorStorm
5403,Flower
4348,Gravity Rush
3554,The Evil Within
2581,Skullgirls 2nd Encore
1388,Where's My Water?
884,Call of Duty: Modern Warfare Remastered
973786,Deep Rock Galactic: Survivor
962011,Prince of Persia: The Lost Crown
898355,Risk of Rain Returns
833571,Islets
816363,Monument Valley: Panoramic Edition
804753,Dragon’s Dogma 2
799267,Aliens: Dark Descent
779852,Nightmare of Decay
619776,IXION
570172,My Time at Sandrock
454544,Metal: Hellsinger
370125,Yakuza Remastered Collection
362582,Mickey's Wild Adventure
343597,Sonic Adventure 2
301576,Gato Roboto
274480,Mortal Kombat 11
263548,Little Misfortune
251512,The Missing: J.J. Macfield and the Island of Memories
91642,En Garde!
57880,THE KING OF FIGHTERS '98 ULTIMATE MATCH
54631,Crazy Taxi 2
50970,Street Fighter 30th Anniversary Collection
46000,Donut County
45868,Monster Boy and the Cursed Kingdom
45691,Spintires: MudRunner
34818,Teenage Mutant Ninja Turtles (2003)
34813,SpellForce: The Order of Dawn
31298,Tropico
30025,MineSweeper (Microsoft)
28153,Assassin's Creed Origins
25062,Barnyard
23055,Quake: The Offering
21512,Planet Alcatraz 2
21068,Little Big Adventure 2
19669,Command & Conquer 3: Kane's Wrath
19555,Peggle Nights
19110,Wizardry 8
17741,Pony Island
15829,Pillars of Eternity
15595,Mad Father
14913,Disgaea PC
14446,Call of Duty: Black Ops II
12757,"Warhammer 40,000: Dawn of War II"
12697,Men of War: Assault Squad 2
11483,Nancy Drew: Shadow at the Water's Edge
9535,Quern - Undying Thoughts
9465,Grim Dawn
7062,Dark Echo
5677,The Chronicles of Riddick: Assault on Dark Athena
5065,Dante's Inferno (PSP)
4373,The Revenge of Shinobi
3856,Ratchet & Clank: Into the Nexus
3425,Under Night In-Birth Exe:Late
2254,Icewind Dale: Enhanced Edition
1488,METAL SLUG 3
1447,Deus Ex: Mankind Divided
730,Year Walk
491,Minecraft: Pocket Edition
43,Full Throttle Remastered
906547,Hogwarts Legacy
840789,Entropy: Zero 2
616688,Core Keeper
571756,Kathy Rain: Director’s Cut
569832,Friday Night Funkin' Character Test Playground
376899,Arise: A Simple Story
370202,Not For Broadcast
326244,Tales of Arise
320364,Assassin's Creed Origins - The Curse Of The Pharaohs
290046,Dead Space Mobile
261247,Fate/Extella Link
79210,Mindustry
60327,Maximum Action
59306,Insurgency: Sandstorm
57507,Super Bomberman
57183,Spider-Man and Venom: Maximum Carnage
54479,Pilotwings 64
54420,Jet Force Gemini
54285,Mortal Kombat
53810,Eliminator Boat Duel
49284,Heroes of Hammerwatch
45844,Battlefield 1 Revolution
40410,Football Manager 2011
39011,Dynasty Warriors 5
37428,Star Wars: Empire at War - Forces of Corruption
35137,Battlefield Vietnam
31472,FIFA International Soccer
31193,Empire Earth
30389,Петька и Василий Иванович спасают Галактику
30208,Sudden Strike
29215,Life is Strange: Before The Storm
28547,Battlefield: Bad Company
28078,Ooblets
25085,Arthur and the Invisibles: The Game
25021,Pokémon Mystery Dungeon: Blue Rescue Team
24800,Sonic Riders: Zero Gravity
22679,1nsane
16677,Arx Fatalis
16144,Dungeon Siege
15334,Red Comrades 2: For the Great Justice. Reloaded
12850,Cave Story+
12760,"Warhammer 40,000: Dawn of War II Chaos Rising"
11940,Nancy Drew: The Secret of Shadow Ranch
10806,Original War
8149,Ingress
8062,Hexcells
6885,Sid Meier's Pirates!
5528,Call of Duty: World at War
5297,Tomb Raider: Anniversary
4747,Split/Second
4386,Saints Row: The Third
4203,Saints Row: The Third - The Full Package
3943,Tales of Xillia
3842,Battlefield 4
3574,Sherlock Holmes: Crimes and Punishments
2960,TowerFall Ascension
2709,Alien Shooter
2235,Batman: Arkham Origins
959,Lego City Undercover
495,Gravity Rush 2
334,Card Thief
212,Plague Inc.
975847,Crypt Custodian
973865,Peeping Dorm Manager
971921,Stronghold: Definitive Edition
948049,Pineapple on pizza
857623,Bonelab
748465,Abyss Cave (2019)
745759,Gibbon: Beyond the Trees
684908,The Elder Scrolls V: Skyrim Anniversary Edition
573277,Norco
547017,Friday Night Funkin Multiplayer
513072,Five Nights at Freddy's: Help Wanted
428202,Lust Epidemic
426094,Biped
403819,Sea Battle 2
368964,Tom & Jerry: The Ultimate Game of Cat and Mouse!
364990,Chicory: A Colorful Tale
349473,Acting Lessons
292841,BOX BOY! + BOX GIRL!
290879,Resident Evil - Code: Veronica X
275629,Unheard
248781,BitLife - Life Simulator
162987,Oblivion
61232,Swarmlake
59188,Way of the Samurai
58913,Muse Dash
57121,NHL 98
56238,Teenage Mutant Ninja Turtles 3: Mutant Nightmare
56211,Star Fox Assault (2005)
55107,Rogue
54541,Toy Story 2: Buzz Lightyear to the Rescue
53942,Mega Man 6 (1993)
53830,Galaga (1981)
53380,The Lord of the Rings: The Two Towers
53182,Castlevania: Harmony of Dissonance
52761,Bugs Bunny & Taz: Time Busters
51607,The World Ends with You: Final Remix
51331,Valkyria Chronicles 4
51320,Attack on Titan 2
51200,Arena of Valor
43440,Football Manager 2016
39759,Killzone 3
38703,FIFA 09
37943,Dofus
37329,Cryostasis: Sleep of Reason
35846,Painkiller Expansion Pack: Battle Out of Hell
32611,MechCommander 2
32584,The Sims: Livin' Large
31628,SimCity 3000
30425,Nightmare Creatures
29028,Metro 2033
28413,Sonic's UGC
27233,Monster Hunter 3 Ultimate
25618,Sam & Max Season One: Save the World
25173,Super Mario Bros. 2
25116,Excitebike
25020,Cooking Mama
24961,Madagascar
24768,Obscure: The Aftermath
24177,Mario Party DS
23833,Pokémon Snap
23565,Utawarerumono: Mask of Deception
23047,Pillars of Eternity: The White March - Part I
22839,Cossacks Anthology
21610,Peggle Deluxe
19592,Hitman 2: Silent Assassin
19367,MDK 2
15553,ADOM (Ancient Domains Of Mystery)
12641,"Warhammer 40,000: Dawn of War – Winter Assault"
11487,Choice of Robots
10891,Secrets of Grindea
10150,City Car Driving
9679,The Gallery - Episode 1: Call of the Starseed
7163,Hill Climb Racing 2
5730,Earn to Die 2
5623,Ninja Gaiden 3: Razor's Edge
5529,Castlevania: Lords of Shadow
5265,Need For Speed Carbon
4761,Disney's The Emperor's New Groove
4700,Dante's Inferno
4519,Trine 2
2830,Unravel
2769,Don't Starve: Shipwrecked
1165,SteamWorld Heist
983212,Call of Duty: Black Ops 6
651197,The Many Pieces of Mr. Coo
650650,Agatha Christie - Hercule Poirot: The First Cases
618709,Slime Rancher 2
615895,The Rewinder
530269,Road 96
487914,Super Mario 3D All-Stars
485151,City of Broken Dreamers: Book One
484951,5D Chess With Multiverse Time Travel
457729,Crash Bandicoot 4: It’s About Time
425200,A Monster's Expedition
390535,Mass Effect: Bring Down the Sky
368108,Dragon Ball Z: Buu's Fury
290897,One Finger Death Punch 2
266189,Champions of Norrath
257252,Trine 4: The Nightmare Prince
255818,Kingdom Hearts: The Story So Far
244690,Rayman: Revolution
63463,Tardy
61197,太吾绘卷
60862,Gloomhaven
59589,Labyrinth of Refrain: Coven of Dusk
58914,Bloons TD 6
57402,Knights of the Round
57038,The Flintstones
56215,SSX on Tour
55117,Space Harrier (1986)
54568,World Cup 98
53500,Riviera: The Promised Land
53167,Breath of Fire II (1994)
52670,Ape Escape
52406,Centipede (1981)
50351,Rusty Lake Paradise
49866,Call of Duty 2: Big Red One
42999,The Evil Within: The Consequence
39950,Downfall: A Horror Adventure Game
39465,Blur
36976,Mega Man X8
36913,Facade
35402,Cossacks 2: Napoleonic Wars
32522,Midtown Madness 2
32251,LEGO Racers
32000,Lands of Lore: The Throne of Chaos
31912,The Grinch
31883,Robocop 3
31188,Discworld
30744,Escape from Monkey Island
30582,Demolition Racer
29692,MechWarrior 4: Vengeance
29495,Quest for Glory 4: Shadows of Darkness
29196,Framed 2
28460,Forza Motorsport 4
27585,BoxBoy!
27058,Super Mario Land
25577,Wario Land: Shake It!
25214,Sonic Rush Adventure
22961,Hitman: Contracts
22852,Runaway 2: The Dream of the Turtle
19021,Putt-Putt Enters the Race
17942,realMyst: Masterpiece Edition
17735,RollerCoaster Tycoon 3: Platinum
17652,Legend of Grimrock 2
17590,Devil Daggers
17282,Anno 2205
16856,AudioSurf
16024,Higurashi When They Cry Hou - Ch.1 Onikakushi
14966,Angry Video Game Nerd II: ASSimilation
14720,Neighbours from Hell Compilation
14615,The Silver Case
11931,Nancy Drew: The Haunted Carousel
10791,Black Mirror I
10322,The Curious Expedition
10285,Automation - The Car Company Tycoon Game
10118,Legacy of Kain: Defiance
10035,Hitman
9659,Bulletstorm: Full Clip Edition
7485,Elite Dangerous
5888,Rayman Adventures
5394,Mega Man 9(2008)
4666,Beyond Good & Evil HD
4471,LEGO Pirates of the Caribbean: The Video Game
4124,Just Dance 4
3829,Ys: Memories of Celceta
3486,Syberia
3272,Rocket League
2983,Dark Cloud
2937,Infinifactory
2239,Furi
1118,Rayman Jungle Run
87,Salt and Sanctuary
989987,Liar's Bar
989789,Marvel's Spider-Man 2 PC Port
975724,Anomaly Agent
963318,Yet Another Zombie Survivors
962024,Stray Gods: The Roleplaying Musical
840780,Friends vs Friends
692687,Coffee Talk Episode 2: Hibiscus & Butterfly
649006,Shovel Knight Pocket Dungeon
598943,SNKRX
586042,Oxenfree II: Lost Signals
574784,Saiko no sutoka
573923,Friday Night Funkin' (with my 2 favorites mods)
536709,Labyrinth City: Pierre the Maze Detective
525548,Modern Warships
479634,Frog Fractions: Game of the Decade Edition
449160,Gunfire Reborn
401816,Dissidia 012: Final Fantasy
376962,Songs of Syx
367014,Cooking Mama 2: Dinner with Friends
341604,The Magical Quest (Starring Mickey Mouse)
326252,Gears 5
311652,Planet Zoo
309729,Vader Immortal: A Star Wars VR Series
304320,Cat Quest II
290035,Sid Meier's Civilization VI - Gathering Storm
288559,Blood & Truth
272448,Pikuniku
268363,Prodeus
257202,Creaks
246476,Fire Emblem: New Mystery of the Emblem
241164,Accounting+
224848,Car Mechanic Simulator
59352,ACE COMBAT 7: SKIES UNKNOWN
59134,Onimusha: Dawn of Dreams
57508,Super Bomberman 2
57075,Jurassic Park: Rampage Edition
56129,Mortal Kombat: Deception
54500,Ready 2 Rumble Boxing
54039,Side Pocket (1986)
53995,Power Blade
53957,Mission: Impossible (1990)
53914,Little Nemo: The Dream Master
53553,Spider-Man: Mysterio's Menace
53105,The Lost World: Jurassic Park
52927,FIFA: Road to World Cup 98
52685,Army Men: Air Attack (1999)
52345,Hakuoki: Edo Blossoms
51329,Shadow of the Tomb Raider
51110,Lamplight City
50591,Hello Charlotte: Childhood's End
50475,Day R Survival
47772,PAC-MAN CE DX
46738,Through the Ages
46667,Octopath Traveler
44862,Ratty Catty
42817,State of Decay: Lifeline
42239,Rocksmith 2014 Edition
42214,Metro: Last Light - Chronicles Pack
42117,Metal Gear Rising: Revengeance - Blade Wolf
41706,Mass Effect 3: Omega
40875,Fallout: New Vegas - Honest Hearts
37357,Marvel Ultimate Alliance
35613,Sonic Adventure DX: Director's Cut
34571,Lode Runner (1983)
32150,The Settlers
31882,Bandits: Phoenix Rising
31279,NBA Live 2003
31000,Black & White: Creature Isle
30113,Tonic Trouble
29865,Test Drive 6
29779,IL-2 Sturmovik
29037,Deadly Premonition
28974,"LOTR, BFME II"
28570,Trials HD
28261,Serious Sam HD:  The First Encounter
27312,"Pokémon X, Y"
26147,Rabbids Go Home
25075,Kirby Squeak Squad
24994,Super Princess Peach
24964,Bomberman
23613,They Are Billions
23415,Stormworks: Build and Rescue
23106,SimCity 3000 Unlimited
22732,Simon the Sorcerer 2
22377,Nancy Drew: The Silent Spy
20857,Star Wolves 2
19640,Assassin's Creed: Director's Cut Edition
19608,Primordia
19589,Railroad Tycoon II Platinum
19585,Etherlords II
19575,Imperial Glory
18319,Painkiller: Black Edition
18051,Heart's Medicine - Time to Heal
17922,Deadbolt
17703,Castlevania: Lords of Shadow – Ultimate Edition
17556,Zuma Deluxe
11005,Battle of Empires: 1914-1918
10119,Legacy of Kain: Soul Reaver 2
8495,8 Ball Pool
7493,The Walking Dead: A New Frontier - Episode 1
7381,ABZU
7241,Botanicula
7091,Sanitarium
5714,KALIMBA
5651,Shadows of the Damned
5489,Destruction Derby
5150,LittleBigPlanet PSP
4555,BloodRayne
4511,Brothers in Arms: Hell's Highway
4287,Rock Band Blitz
4122,Disgaea 2: Cursed Memories
4016,Rune Factory: Tides of Destiny
2477,Push Me Pull You
2327,The Trail
1065,Headmaster
567,Tales from the Borderlands - Episode One: Zer0 Sum
38,Injustice 2
24,Gran Turismo Sport
911452,WW2 Rebuilder
861285,Soulstone Survivors
804851,The Plucky Squire
720940,Forever Skies
663785,White Shadows
650631,OPUS: Echo of Starsong
528768,Persona 5 Strikers
509215,Universe Sandbox 2 [FREE]
428354,Poly Bridge 2
383500,Robo Recall
370186,Man of the House
333100,Senran Kagura: Bon Appetit
303576,Vampire: The Masquerade - Bloodlines 2
300737,The Riftbreaker
257220,Nuts & Milk
248474,Lost Words: Beyond the Page
244738,DmC: Devil May Cry: Definitive Edition
241044,Tekken 4
219972,Old School RuneScape
80309,Civilization IV
62421,Irony Curtain: From Matryoshka with Love
61415,Pummel Party
59611,Pathfinder: Kingmaker
58950,Cookie Clicker
58939,Golf Club: Wasteland
58896,Might and Magic Clash of Heroes
57942,Yu-Gi-Oh! The Sacred Cards
56106,Mario Party 7
54063,Spy vs. Spy
53410,Mega Man Battle Network
52899,Echo Night
52776,Buzz Lightyear of Star Command
52357,Fighting Fantasy Classics
51507,Forgotton Anne
50569,deep space waifu: FLAT JUSTICE
43222,Dragon Age: Inquisition - Jaws of Hakkon
42998,The Evil Within: The Assignment
40751,Assassin's Creed: Brotherhood - The Da Vinci Disappearance
37765,The Sims 2: Happy Holiday Stuff
32881,Ecstatica: A State of Mind
30112,SiN
29010,Shaun White Skateboarding
28148,Battlefield 1: In The Name Of The Tsar
27776,Pokémon Mystery Dungeon: Red Rescue Team
27106,Pushmo
24981,Peter Jackson's King Kong: The Official Game of the Movie
23850,The Legend of Zelda: Spirit Tracks
23480,Trackmania² Lagoon
22230,Vampire: The Masquerade - Redemption
19757,Metamorphabet
19674,Knights of Honor
19458,DOOM 3
19384,The Binding of Isaac
18540,Hexcells Plus
17098,Fibbage XL
14346,SimCity 4 Deluxe Edition
13520,Hard Truck: Apocalypse
12630,"Codename: Panzers, Phase One"
11885,Predynastic Egypt
11686,POSTAL 2
11312,The Long Dark
10898,Stories Untold
10063,The Infectious Madness of Doctor Dekker
9995,The TakeOver
8278,Gears of War 4
7542,Milkmaid of the Milky Way
6617,Quantum Break
5731,TETRIS
5610,Lollipop Chainsaw
5242,Crash Tag Team Racing
5196,Trine
4729,Assassin's Creed
4521,Call of Juarez: Bound in Blood
4503,NFL Blitz
4032,Dragon's Dogma: Dark Arisen
3971,NCAA Football 14
3631,inFAMOUS Second Son
2556,Risk of Rain
2444,"Egg, Inc."
2156,Bad Piggies
1987,Smash Hit
1565,Fancy Pants Adventures
966,Sonic & All-Stars Racing Transformed
295,Oxenfree
181,Hearthstone
997334,Keep Driving
962381,"Little Kitty, Big City"
957512,Forgive Me Father 2
868085,Marvel Snap
830182,The Mortuary Assistant
804751,Crisis Core: Final Fantasy VII Reunion
763608,Stacklands
725831,The Closing Shift | 閉店事件
692220,Football Manager 2022
668057,Eurovision Simulator
650755,Northern Journey
627634,Behind the Frame: The Finest Scenery
622494,Mario Party Superstars
565639,Baldi gotta sweep android mod menu
516126,Conscript
471717,A Little to the Left
442862,Alan Wake: The Signal
401804,Ys IX: Monstrum Nox
400298,Soul Calibur IV
392306,Say No! More
388314,Control: AWE
371824,Zone of the Enders
366843,Syberia: The World Before
342532,Disney's Magical Quest 3 Starring Mickey & Donald
341579,Hearts (Microsoft)
336827,Atelier Lulua: The Scion of Arland
306034,Crumble
300689,Tails of Iron
292822,1943: The Battle of Midway
275611,Samorost
260908,Siren Head
249943,World's scariest police chases
236733,Glass Masquerade 2: Illusions
64170,Scalak
60957,The friends of Ringo Ishikawa
59866,Aggelos
58836,XCOM: Enemy Unknown Complete Pack
58618,Age of Empires IV
56949,Boogerman: A Pick and Flick Adventure
56114,Medal of Honor: Frontline
56104,Mario Party 6
56093,The Legend of Zelda: Four Swords Adventures
56018,Def Jam Vendetta
54482,Pokémon Puzzle League (2000)
54381,Doom 64
54053,Snake Rattle 'n' Roll
53548,Sonic Advance 3
53379,Looney Tunes: Back in Action
53190,Balloon Fight (1985)
52893,Duke Nukem: Land of the Babes
52779,C-12: Final Resistance
51092,Disney's The Jungle Book
49315,Steven Universe: Save the Light
45745,FINAL FANTASY XV WINDOWS EDITION
45409,Dead In Vinland
44930,Shining Song Starnova
44703,Super Fancy Pants Adventure
43253,Little Devil Inside
38080,The Sims 2: Bon Voyage
36805,Winx Club
35564,Disney's Toontown Online
34619,Pink Panther: Pinkadelic Pursuit
34049,Road Fighter
32494,Betrayal at Krondor
31726,The House of the Dead
30805,Stupid Invaders
29850,Disney's Donald Duck Goin' Quackers
29223,Griftlands
28539,Peggle
27615,Earthbound Beginnings
25286,Dementium: The Ward
23479,Observеr
21449,Disciples Sacred Lands Gold
21371,Heretic: Shadow of the Serpent Riders
20836,Blackwell Deception
19560,Far Cry
19312,Guild Wars: Eye of the North
17856,Grandia II Anniversary Edition
16813,Mount & Blade
15988,Adam Wolfe
15969,Ys I & II Chronicles
15698,Off-Peak
15167,HuniePop
14449,Disney•Pixar Cars
14211,Children of Morta
13468,Total War: ATTILA
13070,Atelier Sophie: The Alchemist of the Mysterious Book
12032,King's Bounty: Crossworlds
11973,Middle-earth: Shadow of Mordor
11729,Gang Beasts
11383,Atom RPG
10942,To The Top
10504,iRacing
9900,Feed and Grow: Fish
9613,Tilt Brush
6773,Sunset Overdrive
6082,Redungeon
5298,Tomb Raider: Legend
5168,Dissidia: Final Fantasy
4731,Patapon 3
4720,Final Fantasy IV: The Complete Collection
4331,Sonic Generations
3747,Metal Gear Solid V: Ground Zeroes
3621,My Singing Monsters
3581,inviZimals
2647,Manhunt
2407,Rogue Galaxy
1391,Assetto Corsa
1146,SUPERHYPERCUBE
208,DEAD TRIGGER
123,Titan Quest
26,Nex Machina
990568,Alan Wake 2: The Lake House
979105,Ender Magnolia: Bloom in the Mist
978863,Shadows of the Damned: Hella Remastered
972995,Grand Theft Auto VI
971316,Choice of Life: Middle Ages
967340,Station to Station
947315,The Coffin of Andy and Leyley
934933,Pure Onyx
933838,Clock Tower 2
926680,Elderand
907476,I commissioned some bees 0
846315,Railbound
842405,Gunbrella
804855,Anger Foot
799273,Goat Simulator 3
736256,CHRONO CROSS: THE RADICAL DREAMERS EDITION
714788,BeastBeat
651298,Quake (2021)
566660,The Life and Suffering of Sir Brante - Chapter 1 & 2
557690,Akumajou Special: Boku Dracula-kun
514896,The Dark Pictures Anthology: House of Ashes
505816,Cats Organized Neatly
471011,Shin Megami Tensei III: Nocturne HD Remaster
460519,Umurangi Generation
438603,KINGDOM HEARTS 0.2 Birth by Sleep - A fragmentary passage -
427988,Last Evil
418297,Sizeable
412431,Mask of Mists
384530,Star Fetchers
331562,StarCraft II: Nova Covert Ops
323105,Voyage
319132,Project Wingman
288796,MORDHAU
274766,The Pathless
270721,Carto
257237,Persona 3: Dancing in Moonlight
257231,Sky Destroyer
244882,Life is Strange 2 - Episode 1
257231,Sky Destroyer
244882,Life is Strange 2 - Episode 1
225113,Card Wars - Adventure Time
216308,CHANGE: A Homeless Survival Experience
80232,The Sims 2: Pet Stories
71924,FIFA Soccer
60420,Deep Space Waifu: FANTASY
59193,Earth Defense Force 5
58498,Bloodstained: Curse of the Moon
57592,Marvel Super Heroes
57416,Marvel Super Heroes In War of the Gems
56141,NBA Street
55882,Pinocchio (1996)
54780,Virtua Fighter 3
54646,Garou: Mark of the Wolves
54313,Shin Megami Tensei
54005,R.C. Pro-Am
53800,Dragon Quest (1986)
53538,The Sims Bustin' Out
52894,Duke Nukem: Time to Kill
50054,Old School Musical
49170,The Colonists
49047,Little Busters! English Edition
46301,Raft
45342,Orwell: Ignorance is Strength
42630,Castlevania: Lords of Shadow 2 - Revelations
41341,Battlefield 3: Armored Kill
40986,Dragon Age 2: Legacy
37775,The Elder Scrolls 4: Oblivion - Knights of the Nine
37212,Europa Universalis III
36692,Diner Dash
35889,Alien Shooter: Vengeance
35076,Vietcong
34776,Battlefield 1942: Secret Weapons of WWII
34725,Republic: The Revolution
33770,Ski or Die
32614,Disney's Peter Pan Adventures in Never Land
30936,FIFA 2003
29248,BOXVR
29180,Ni no Kuni II: Revenant Kingdom
29047,American Wasteland
28771,FIFA 07
27967,New Super Mario Bros. U
26472,Spider-Man: Shattered Dimensions
26193,Just Dance
25830,Ogre Battle: The March of the Black Queen
25807,Sonic Chaos
25584,Time Hollow
25042,Trauma Center: Second Opinion
24903,Ice Age 2: The Meltdown
24166,Tennis
23639,Heartbound
23000,Europa Universalis
22907,Magic Carpet 2: The Netherworlds
22885,Warlords Battlecry 2
21831,Onirim - Solitaire Card Game
19661,Silent Hunter V: Battle of the Atlantic
19440,Kohan II: Kings of War
19057,S.T.A.L.K.E.R.: Clear Sky
18615,Space Quest Collection
16628,Tormentum - Dark Sorrow
15294,The Void
15167,HuniePop
14884,"Dude, Stop"
14479,Gaokao.Love.100Days
14478,Delicious! Pretty Girls Mahjong Solitaire
13387,Serious Sam HD: The Second Encounter
12738,Bear With Me
10900,Project Zomboid
9771,Heat Signature
8488,Tom Clancy's Rainbow Six Siege
4648,Golden Axe
4377,Myst
3717,"The Walking Dead: Season 2 - Ep.1, All That Remains"
680,Red Faction
667,10000000
122,This is the Police
82,Rain World
995448,Dynasty Warriors: Origins
983925,Chained Together
980862,Karma: The Dark World
967296,Quasimorph
923025,Master Detective Archives: RAIN CODE
894428,Wavetale
871148,Age of Mythology: Retold
865075,Backfirewall_
864996,Fresh Start Cleaning Simulator
804786,Final Vendetta
776391,Save Room - Organization Puzzle
763608,Stacklands
748408,Lewd City Girls
721055,Sucker for Love: First Date
700712,Rusted moss
678558,Settlement Survival
674559,Unusual Findings
586122,Suspects: Mystery Mansion
576361,Caravan Sandwitch
573621,FNF Tricky [madness combat] - Test
573125,Life is Strange Remastered
518103,Little Big Planet
517331,DiRT 3 Complete Edition
502266,MAD FUT 21 Draft & Pack Opener
490417,Hyrule Warriors: Age of Calamity
485015,Toilet Management Simulator
484505,Puyo Puyo Tetris 2
455585,New Pokémon Snap
452664,A Juggler's Tale
442855,Mafia II: Definitive Edition
442841,WRC 9 FIA World Rally Championship
437061,Down the Rabbit Hole
427653,Hardspace: Shipbreaker
421742,Evo Pop
391892,Start Survey?
386490,Moorhuhn Kart
380836,When The Past Was Around
380792,DORAEMON STORY OF SEASONS
377842,Rebel Inc: Escalation
375198,Agent Intercept
370286,Before I Forget
333362,Eiyuu Densetsu: Zero no Kiseki
331360,MLB 16: The Show
326239,Lego Star Wars: The Skywalker Saga
323148,Tales of the Black Forest
311735,Transport Fever 2
288661,Carcassonne
281854,Ridge Racer 2
270721,Carto
251482,Batman: Arkham City Armored Edition
249994,Reventure
244828,macdows 95
114320,Burning Daylight
71830,Flow Free
71680,Azur Lane
64056,A Fold Apart
59218,Wild Arms 5
58774,Harold Halibut
58762,Gears Tactics
58154,The Way Remastered
57956,Vampire Hunter D
57675,Pepsiman
57547,Tiny Toon Adventures: Buster Busts Loose!
57424,Mega Man X3 (1995)
57317,Bugs Bunny Rabbit Rampage
56175,Pokémon XD: Gale of Darkness
54885,R-Type (1987)
54781,Walt Disney World Quest: Magical Racing Tour
54356,Blast Corps
54254,Ecco: The Tides of Time (1994)
53942,Mega Man 6 (1993)
53711,The Battle of Olympus
53710,Batman: Return of the Joker
53709,Batman: The Video Game
53684,Arkanoid (1986)
53679,The Astyanax
53598,Tactics Ogre: The Knight of Lodis
53366,Super Dodge Ball (1988)
53146,Baldur's Gate: Dark Alliance
53106,James Bond 007: Everything or Nothing
52215,Burnout Paradise Remastered
50630,Broken Reality
49813,It's Quiz Time
49603,Home - A VR Spacewalk
48137,Ski Safari: Adventure Time
47359,Chuchel
44931,Do Not Feed the Monkeys
44062,Crimson Gray
42071,Need for Speed: Most Wanted - Deluxe DLC Bundle
41977,Sleeping Dogs: Wheels of Fury
41856,Age of Empires II: Forgotten Empires
41548,Motor Rock
41213,Command & Conquer: Generals 2
39789,Русская рыбалка 2
37512,Hugo: Cannon Cruise
36756,Mage Knight: Apocalypse
36189,Sonic Heroes
36143,Star Heritage: The Black Cobra
34940,Timon & Pumbaa's Jungle Games
34891,Will Rock
34865,Conflict: Desert Storm 2 - Back to Baghdad
34668,XIII
34334,Antarctic Adventure
33908,Поле чудес: Капитал-шоу
32685,Prince of Persia 2: The Shadow and the Flame
32636,Street Racer
32411,SimCopter
32257,Command & Conquer: Red Alert - Counterstrike
32024,SWAT 3: Close Quarters Battle
31553,Frogger 2: Swampy's Revenge
30317,Mortyr 2093-1944
30155,Titanic: Adventure Out of Time
29640,Forsaken
29129,SAMURAI WARRIORS 2
28956,GoldenEye 007: Reloaded
27980,Tomodachi Life
27714,Super Mario Advance 4: Super Mario Bros. 3
27181,Harvest Moon 3D: A New Beginning
27168,Dr. Mario
25822,The House of the Dead: Overkill
25658,Guitar Hero World Tour
24567,Dawn of Discovery
24048,Mega Man X2
23700,Cars Race-O-Rama
23469,Redneck Rampage Rides Again
23254,Zumbi Blocks
22883,Dangerous Dave Pack
22857,Tales of Monkey Island
22827,Gangland
22781,Syberia 2
22709,Wing Commander 4: The Price of Freedom
19511,Act of War: Direct Action
18708,Pathologic Classic HD
17744,Sudeki
16974,Samorost 2
14501,SHENZHEN I/O
13732,Tycoon City: New York
13112,Jenny LeClue - Detectivu
13051,The Dig
11787,Hyper Jam
11407,Banished
10299,Steel Division: Normandy 44
10158,Brothers in Arms: Road to Hill 30
9894,Squad
9577,TerraTech
5350,Tom Clancy's Rainbow Six
5200,Grand Theft Auto: Chinatown Wars
4954,Castle Crashers
4364,Alex Kidd in Miracle World
3709,JoJo's Bizarre Adventure: All-Star Battle
3506,SAMURAI WARRIORS 4
513,DEAD TRIGGER 2
440,Knee Deep
324,Psychonauts In The Rhombus Of Ruin
271,Kingdom: New Lands
249,Ys Origin
587608,Core
568888,Mitoza
522975,NEO: The World Ends With You
495621,Disney’s Aladdin (1993)
485092,Cyber Manhunt
430213,Batman: Arkham Knight - A Matter of Family
413872,Never Alone: Foxtales
334433,Kirby: Squeak Squad
329550,Resident Evil 7 End Of Zoe
294122,Metal Gear Acid 2
290887,Angry Birds VR: Isle of Pigs
290864,The Legend of Zelda: Four Swords
284700,DYSMANTLE
257184,Disney's TaleSpin (TurboGrafx-16)
251501,One Hour One Life
249963,Taiko No Tatsujin: Drum'n'Fun
221479,My Child Lebensborn
60767,Disgaea 5 Complete / 魔界戦記ディスガイア5
60658,Monster Prom
59613,Spelunky 2
58617,Borderlands 3
58574,Hyrule Warriors: Definitive Edition
57935,Twisted Metal (1995)
55415,Descent: FreeSpace – The Great War (1998)
53882,Joe & Mac
53585,Super Ghouls 'n Ghosts (1991)
53214,Crash Nitro Kart
52871,Digimon World 3
49721,AntVentor
49353,FRAMED Collection
46979,The Talos Principle VR
45827,Door Kickers: Action Squad
41985,Dead Space 3: Awakened
36602,The Sims 2: Nightlife
35909,.kkrieger
33430,Balda
32470,Paradise Cracked
32251,LEGO Racers
29739,Prisoner of War
29066,Rockstar Table Tennis
28569,DD: Dark Arisen
28041,Little Nightmares: Secrets of the Maw
27133,Mario Tennis Open
25479,The Chronicles of Narnia: Prince Caspian
25163,Scarface: The World Is Yours
25161,Lode Runner
23459,Heart's Medicine - Hospital Heat
23260,Tesla vs Lovecraft
22809,Moto Racer 2
22728,Jagged Alliance: Deadly Games
19611,Port Royale 2
17544,Attack on Titan / A.O.T. Wings of Freedom
16817,Mount & Blade: With Fire & Sword
13155,Four Last Things
11663,My Friend Pedro
11174,Invisigun Heroes
10309,Endless Space 2
9736,Slime Rancher
9234,Dragon Mania Legends
8467,Two Dots
5663,Star Wars: The Force Unleashed
5598,NARUTO SHIPPUDEN: Ultimate Ninja STORM 3
5268,Need For Speed Underground Rivals
5260,LEGO Indiana Jones: The Original Adventures
4067,Tales of Graces f
4052,Guacamelee!
3635,Rogue Legacy
3355,Star Wars: Episode III: Revenge of the Sith
2096,TRANSFORMERS: Fall of Cybertron
1492,Leo's Fortune
1411,Hatsune Miku: Project DIVA X
750,FINAL FANTASY XV
237,Modern Combat 3: Fallen Nation
144,Angry Birds
134,Freedom Planet
89,Geometry Dash
989866,Rogue Waters
973793,100 Asian Cats
973086,100 Christmas Cats
972784,ThornSin
968851,For The King II
955681,Fabledom
934465,Forza Horizon 5: Rally Adventure
857621,The Last Hero of Nostalgaia
836798,The Entropy Centre
830270,The Spirit and the Mouse
799267,Aliens: Dark Descent
799244,Outriders Worldslayer
769380,College Kings 2 - Act I
725846,Sengoku Dynasty
669374,SUPER CHICKEN JUMPER
647609,Carrier Command 2
619806,FAR: Changing Tides
611678,Anima: The Reign of Darkness
584414,FNF Corrupted / Boyfriend TEST
568931,Dorfromantik
566663,Marble Age: Remastered
563370,Song of Farca: Prologue
548291,The Elder Scrolls Online: Blackwood
541732,Dom Rusalok
517384,Turnip Boy Commits Tax Evasion
514889,Fruit Ninja
496649,Mighty Goose
482921,Little Witch in the Woods
462098,Windows Vista Simulator
460404,Bloodstained: Curse of the Moon 2
447833,CARRION Demo
444381,Winding Worlds
428966,Paradise Killer
428801,8Doors: Arum's Afterlife Adventure
428681,pureya
427930,Phasmophobia
427726,Fake Lay
404456,The Sims 4: Get Together
394389,Mass Effect 2: Zaeed – The Price of Revenge
385986,Devil Slayer - Raksasi
383516,League of Legends: Wild Rift
376790,Card of Darkness
370129,NGU IDLE
368974,Mighty Morphin Power Rangers: The Movie
367673,Furry Gainer RPG
353419,Championship Manager: Season 02/03
349947,Knock Harder
331579,Swords and Sandals: Gladiator
327230,Romancing SaGa 3
323175,Monster Girl Island: Prologue
309153,The Revenge of Shinobi (1989)
293455,Rune Factory 4 Special
286479,Dead or Alive 3
274762,The Outer Worlds
264758,DARQ
251596,Observation
251514,Inkulinati
251464,Hitchhiker
250011,Jupiter Hell
249954,Carrion
241178,Sexbot Quality Assurance Simulator
233968,Steel Division 2
229964,Wormax.io
91258,Freetime Event: Poolside Edition
90570,Momodora II
90483,Lost Constellation
87820,Borderlands Game Of The Year
79856,The Sims 2: Castaway Stories
76547,Age Of Magic
63544,Up Left Out
62435,Heart of the Woods
61124,"one night, hot springs"
59369,Knowledge is Power: Decades
59129,EyeToy: Play 2
59015,Psychedelica of the Ashen Hawk
57857,This Is Football
57620,Monster Rancher 2
57381,Indiana Jones' Greatest Adventures (1994)
57012,Dynamite Headdy (1994)
55630,"Simon the Sorcerer II: The Lion, the Wizard and the Wardrobe"
55545,Michael Jackson's Moonwalker
55260,Animaniacs
54375,Cruis'n USA (1996)
54057,Solomon's Key (1986)
53727,Bomberman II
53492,Ready 2 Rumble Boxing: Round 2
53465,Pac-Man World
53402,Mega Man Battle Network 5
53111,Tak and the Power of Juju
52998,Grand Theft Auto
52850,Dark Seed
52542,Kung-Fu Master
52495,Bump 'n' Jump
52446,Phoenix (1980)
52179,This Is the Police 2
52175,Battletoads
52101,Super One More Jump
51324,Kingdom Hearts III
50677,Superhot: Mind Control Delete
50576,Atomic Heart
50056,A Sky Full of Stars
47428,Hunt: Showdown
47361,Zwei: The Ilvard Insurrection
47351,Batman: The Enemy Within
46240,"Guns, Gore and Cannoli 2"
43437,Tales from the Borderlands: Episode Four - Escape Plan Bravo
43145,Resident Evil: Revelations 2 - Episode 2: Contemplation
42617,S.T.A.L.K.E.R.: Lost Alpha
42538,The Sims 3: Roaring Heights
41569,Marvel vs. Capcom: Origins
39605,Heroes of Newerth
39109,Fallout 3: The Pitt
38172,F.E.A.R. Perseus Mandate
38100,LEGO Universe
37032,The Whispered World
36807,Dynasty Warriors 4
36582,The Suffering: Ties That Bind
35325,Spider-Man 2: The Game
35209,FIFA 2004
33136,Blood: Plasma Pack
32977,Heroes of Might and Magic 4
32955,Fatal Racing
32309,Blockout
31919,Lords of the Realm 2
31385,ГЭГ+: Гарри в отпуске
31201,Gold & Glory: The Road to El Dorado
30954,Rally Trophy
30518,Prince of Qin
30047,Dark Reign: The Future of War
29713,Beavis and Butt-Head in Virtual Stupidity
29590,Warcraft: Orcs & Humans
28292,Eternal Sonata
27932,Miitopia (3DS)
27581,Story of Seasons
26763,Solatorobo: Red the Hunter
25614,Crash Bandicoot: Mind over Mutant
25323,Trauma Center: New Blood
25086,Gradius
23976,Persona Q: Shadow of the Labyrinth
23747,Ultra Street Fighter II: The Final Challengers
23587,Sonic Mania
23487,Nancy Drew: Treasure in the Royal Tower
23392,CrossCells
22774,Gabriel Knight: Sins of the Fathers
22223,Battle Chess
21759,Master Levels for Doom II
21690,The Treasures of Montezuma 3
21255,Leo’s Fortune - HD Edition
20127,Seven Kingdoms: Ancient Adversaries
19700,Advent Rising
19633,Need For Speed: Hot Pursuit
19167,Terra Nova: Strike Force Centauri
19022,Putt-Putt Goes to the Moon
18548,Environmental Station Alpha
18052,Princess Isabella: The Rise of an Heir
18050,Assault Squad 2: Men of War Origins
17043,Morningstar: Descent to Deadrock
15443,SHENZHEN SOLITAIRE
15408,Nameless ~The one thing you must recall~
15281,Creeper World 2: Anniversary Edition
14778,X-note
14176,Ladykiller in a Bind
14000,Penumbra: Black Plague Gold Edition
13246,The Aquatic Adventure of the Last Human
11958,Nidhogg 2
11925,Nancy Drew: Ghost Dogs of Moon Lake
11316,Holopoint
10997,de Blob
10953,Open Sorcery
10198,Craft The World
9802,Fernbus Simulator
9745,Train Sim World: CSX Heavy Haul
7102,Hidden Folks
6113,Atomas
5730,Earn to Die 2
5676,The BIGS 2
5659,Sonic's Ultimate Genesis Collection
5564,F.E.A.R. 2: Project Origin
5413,LUMINES Supernova
5069,Lunar: Silver Star Harmony
4409,Zuma
4296,WAY OF THE SAMURAI 4
3488,Tales of Hearts R
3316,Ultra Street Fighter IV
2952,PaRappa The Rapper 2
2886,KLAUS
2049,Severed
1955,Clumsy Ninja
961,Beat Hazard Ultra
801,Age of Zombies
493,Monster Dash
172,Galaxy on Fire 2 HD
161,Momodora: Reverie Under the Moonlight
108,Mortal Kombat X
25,Middle-earth: Shadow of War
966349,We Were Here Expeditions: The FriendShip
952107,Kujlevka
722646,How Fish Is Made
619744,Wartales
615052,NINJA GAIDEN Σ
556539,Spear of Destiny
462678,Know by Heart
367176,MO:Astray
367125,Travellers Rest
366850,Ghostrunner
336136,Super Smash Bros. for Nintendo 3DS
327228,Circuit Superstars
299557,Emily is Away <3
276685,STEINS;GATE: Linear Bounded Phenogram
268403,Bladed Fury
257377,Boomerang Fu
251511,Evenicle
251494,3D Girl Custom Evolution
74233,Tap Titans 2
57349,F-Zero (Wii U)
56221,Star Wars Rogue Squadron III: Rebel Strike
54763,V-Rally 2
54440,Mega Man Legends (1997)
53802,Dragon's Lair
53090,Legend of Legaia
52423,Galaxian
47356,Stranger Things: The Game
44641,PC Building Simulator
43930,House Party
39219,Splatterhouse (2010)
38965,Star Wars: The Old Republic
38293,The Sims 2: Teen Style Stuff
37967,Scratches: Director's Cut
37522,UAZ Racing 4x4
36542,Total Overdose
36292,I-Ninja
35586,Pro Evolution Soccer 3
34959,Blitzkrieg
33878,Dangerous Dave in the Haunted Mansion
31005,Evil Twin: Cyprien's Chronicles
30959,California Games
28580,Dragon Age 2
28333,Viva Piñata Party Animals
27401,Yoshi's Island: Super Mario Advance 3
25162,The Sims 2: Pets
25100,Ice Climber
24508,DJ Hero
24071,Wario Land 3
23981,Super Mario Advance
23004,Indiana Jones and the Emperor's Tomb
21265,Half-Life: Opposing Force
19655,Guacamelee! Gold Edition
19564,The Settlers: Heritage of Kings
19490,Cold Fear
18558,Enigmatis 3: The Shadow of Karkhala
17609,Knights of Pen and Paper 2
17375,Gravity Ghost
17002,Hate Plus
16739,Delta Force
16428,Return to Mysterious Island
15740,Crazy Machines 1.5
15272,System Shock
11817,Nancy Drew: The Haunting of Castle Malloy
9907,Pictopix
9770,Disney•Pixar Toy Story 3: The Video Game
9612,Ghost of a Tale
9475,Don't Starve
7616,Dumb Ways to Die
6220,Twilight Struggle
4489,Crysis 2
3647,Child of Light
2064,Grow Up
1430,The Final Station
1099,Batman: Arkham VR
992,Yomawari: Night Alone
798,Downwell
719,Deponia
633,Badland
102,Subway Surfers
975605,Enshrouded
973509,Brothers: A Tale of Two Sons Remake
727317,Blood West
686812,The Legend of Tianding
494394,Monster Hunter Stories 2: Wings of Ruin
430439,Atom RPG: Trudograd
383546,AVICII Invector
367112,The White Door
356714,Among Us
303614,Smile For Me
292945,7th Sector
284755,Chaos;Child
62520,Shantae: Half-Genie Hero Ultimate Edition
55084,Out Run
54095,Teenage Mutant Ninja Turtles (1989)
52879,Disney's Tarzan
52594,Star Fox
51595,Yume Nikki
49868,Crash Bandicoot: The Wrath of Cortex
45156,We Were Here Too
43946,The House of da Vinci
42891,Hill Climb Racing
41263,Naruto: Ultimate Ninja 2
41115,Deus Ex: Human Revolution - The Missing Link
39110,Fallout 3: Broken Steel
32950,Heavy Metal: F.A.K.K.2
32232,Little Big Adventure
31435,Die Hard Trilogy
29853,Rampage World Tour
28604,Midnight Club: Los Angeles
28323,Ice Age: Dawn of the Dinosaurs
25818,Fire Emblem: Shadow Dragon
21561,Planet Alcatraz
19568,Tom Clancy's Splinter Cell: Conviction
19552,Majesty 2
18700,Supreme Commander: Forged Alliance
14796,"Guns, Gore & Cannoli"
13605,Victoria II
12134,Software Inc.
12019,BattleBlock Theater
11814,NEO Scavenger
10061,Watch Dogs 2
9997,Arma 3
9980,Emily is Away Too
9789,Google Earth VR
8433,Halo Wars 2
6905,Electronic Super Joy: Groove City
6078,Crazy Machines
5690,The Sims 3 Pets
4565,inFAMOUS Festival of Blood
4274,Zuma's Revenge!
4141,Persona 4 Arena
4023,Deadly Premonition: The Director's Cut
3909,Killzone: Mercenary
1002487,The Mr. Rabbit Magic Show
997679,Urban Myth Dissolution Center
995586,Beyond Citadel
991685,Karate Survivor
977230,Supermarket Simulator
972995,Grand Theft Auto VI
972292,Udonge in Interspecies Cave
971961,Cobalt Core
966102,Aimlabs
961361,Railway Empire 2
960605,Darkest Dungeon II
957611,Mighty DOOM
945036,Sludge Life 2
941570,Daydream: Forgotten Sorrow
916629,My singing Monsters:The Lost Landscapes
916555,Bread & Fred
850694,Kirby’s Return to Dream Land Deluxe
840775,Dune: Awakening
836444,The Life is Strange: Arcadia Bay Collection
813607,Placid Plastic Duck Simulator
802049,Norland
799323,20 Minutes Till Dawn
789908,DRAINUS
783865,Shotgun King: The Final Checkmate
754888,The Quarry
752182,WWE 2K22
738058,Legends of Kingdom Rush
729320,Countryball: Catch em' All
686811,MARSUPILAMI - HOOBADVENTURE
684907,Resident Evil 4 (VR)
678647,ElecHead
677178,Heaven Dust 2
665016,Blade of Darkness
647599,My Garage
644753,Here Comes Niko!
637510,Punishing: Gray Raven
616684,Just Dance 2022
587604,FNF / Miku TEST
566578,Teamfight Manager
559082,Sensual Adventures - The Game
552943,The Longest Road on Earth
551148,Tavern Master
524450,Slendytubbies
449195,The Light Remake
430295,My Lovely Wife
427998,SHEEPO
423970,Dicast: Rules of Chaos
422857,BioShock 2: Minerva's Den Remastered
409583,Dragon Age: Inquisition - The Descent
398406,Ruined King: A League of Legends Story
395171,Life is Strange - Episode 5: Polarized
394404,Half-Life: C.A.G.E.D.
392084,Astro Bears
383495,The Sims 4: StrangerVille
372603,Gas Station Simulator
370243,Timelie
362880,The Last Spell
356233,Romance Club - Stories I Play (with Choices)
355682,Super Bomberman 5
349598,BOMJMAN
338381,Portal: Prelude
336807,Front Mission: Gun Hazard
301526,I'm on Observation Duty
295016,Hugo 2
294139,Intruder
292977,Chocobo's Mystery Dungeon EVERY BUDDY!
292902,The Lord of the Rings: Journeys in Middle-earth
291582,Bird Of Passage
287334,Hang-On
267749,Toki (2018)
251887,Fate / Grand Order
249957,Resident Evil: Origins Collection
227637,Father and Son
100569,Mass Effect 3 - Tuchanka
90487,Longest Night
69028,Little Alchemy
63355,Hidden Paws
62470,Queen's Quest 4: Sacred Truce
61896,Nippon Marathon
61145,SharpShooter3D
61073,Touhou Luna Nights
60869,Terraforming Mars
60812,Golf Peaks
60250,Lucy Got Problems
59246,SHIN MEGAMI TENSEI Liberation D×２
57959,Vib-Ribbon (1999)
57784,Soviet Strike (1996)
57598,Mega Man 8 (1996)
56000,Call of Duty: Finest Hour
54930,X-Men: Mutant Academy
54629,Crazy Taxi (1999)
54628,Confidential Mission
54574,Yoshi's Story (1997)
54033,Seicross
53953,Mighty Bomb Jack (1986)
53941,Mega Man 4 (1991)
53878,Jackie Chan's Action Kung Fu
53682,Arch Rivals
53650,Yu-Gi-Oh! World Championship Tournament 2004
53628,Van Helsing
53181,Castlevania: Circle of the Moon
53152,Batman Begins
53053,Jersey Devil (1997)
52386,Reigns: Kings & Queens
51601,The Lion’s Song
51495,OK K.O.! Let’s Play Heroes
51192,Goat Simulator: The GOATY
51156,Mhakna Gramura and Fairy Bell
47639,Angry Birds Friends
46893,Just Dance 2018
46800,Eventide 3: Legacy of Legends
46560,Stick Fight: The Game
46058,X4: Foundations
45729,仙剑奇侠传五-Chinese Paladin 5
45340,Fashioning Little Miss Lonesome
44765,Patapon Remastered
44057,GORN
43711,Gladiabots
41829,Chicken Invaders 2: The Next Wave
41336,Wasteland 2
40913,Atelier Totori: The Adventurer of Arland
40332,Start the Party!
39745,The Settlers 7: Paths to a Kingdom
38553,Natalie Brooks: Secrets of Treasure House
38298,Tom Clancy's H.A.W.X.
37818,Jagged Alliance 3
37766,Destination: Treasure Island
37764,The Sims 2: Glamour Life Stuff
37615,Sonic Riders
37261,Age of Empires III: The WarChiefs
37221,Battlefield 2142
37099,Mashed: Fully Loaded
36033,Singles 2: Triple Trouble
35703,Xonotic
35562,Warcraft Adventures: Lord of the Clans
35486,Seal of Evil
35398,ALFA: аntiterror
35016,Madden NFL 2004
34647,Broken Sword 2.5 - Return of the Templars
33628,Flip-Flop
32886,Blair Witch Project: Episode 2 - The Legend of Coffin Rock
32848,Mat Hoffman's Pro BMX
32790,UEFA Euro 2000
32255,Catch the Sperm
32140,Wacky Races
32122,Tomb Raider 3: Adventures of Lara Croft
32083,Soko-ban
32044,Midnight Nowhere
32001,King's Bounty
31995,SimCity (1989)
31811,Dark Sun: Shattered Lands
31256,Budokan: The Martial Spirit
31021,SimTown
31011,Zax: The Alien Hunter
30982,Marble Madness
30870,NHL 2003
30510,The Sims 2 IKEA Home Stuff
29131,Forza Motorsport 3
28873,DW: GUNDAM 2
28815,Culdcept SAGA
28743,Tiger Woods PGATOUR 09
27947,Flipping Death
27512,DK: King of Swing
27060,Wii Play: Motion
26076,Kingdom Hearts 358/2 Days
26006,The Humans
25858,Henry Hatsworth in the Puzzling Adventure
25499,Etrian Odyssey II: Heroes of Lagaard
25267,Nicktoons: Attack of the Toybots
25044,Super Monkey Ball: Banana Blitz
24454,Castlevania: The Adventure ReBirth
23439,Lode Runner 1
22345,TARTARUS
21964,Colony Survival
20022,9 Clues 2: The Ward
19572,Call of Juarez
19140,Awareness Rooms
19020,Pajama Sam 3: You Are What You Eat From Your Head To Your Feet
17777,Anno 2070
17660,The Sandbox
17126,Torchlight II
17120,Analogue: A Hate Story
16970,Duet
16438,Ground Control II: Operation Exodus
15861,STAR WARS - The Force Unleashed Ultimate Sith Edition
15651,Nimble Writer
15410,Endless Fables: The Minotaur's Curse
14690,Trine Enchanted Edition
13545,Exanima
13338,Cat Goes Fishing
13247,Human: Fall Flat
13172,The Gardens Between
13114,Long Live The Queen
12764,Shadowhand
12323,Shadowrun: Hong Kong - Extended Edition
11871,Nancy Drew: The White Wolf of Icicle Creek
10847,Scrap Mechanic
10661,Hob
10628,P·O·L·L·E·N
10383,Transport Fever
10315,Ghost 1.0
10173,Muv-Luv
10088,Owlboy
10049,Hitman: Codename 47
9965,Tony Tough and the Night of Roasted Moths
9823,Weed Shop 2
9800,Streets of Rogue
9459,House Flipper
8345,slither.io
7040,Red Ball 4
6257,DRAGON QUEST II
5995,Little Inferno
5899,Temple Run: Oz
5708,Virtua Tennis 2009
5680,The Eye of Judgment
5522,BlazBlue: Continuum Shift
5463,Rayman
5395,Killzone: Liberation
4776,PixelJunk Shooter 2
4476,WipEout 2048
4460,Hakuoki: Demon of the Fleeting Blossom
4360,Rayman Arena
4251,LittleBigPlanet (PS Vita)
4153,Black Knight Sword
3941,Dragon's Crown
3882,God of War: Ascension
3850,LEGO Marvel Super Heroes
3748,SteamWorld Dig
3583,inviZimals: The Lost Tribes
2653,Tiny Guardians
2548,Shantae and the Pirate's Curse
2465,Shadow Fight 2
2076,Color Zen
1386,Plants vs. Zombies HD
1282,Angry Birds Go!
1222,Motorsport Manager
1183,Tomb of the Mask
1176,A Bastard's Tale
1071,Job Simulator
998,Battlefield 1
713,Ultimate Marvel vs. Capcom 3
568,Dream Quest
444,Radiation Island
442,Galaxy on Fire
415,Clash Royale
387,Knights of Pen & Paper
972469,FlipWitch - Forbidden Sex Hex
972166,Invincible Presents: Atom Eve
898482,Babbdi
861274,Marauders
831876,Boneraiser Minions
741501,FINAL FANTASY II Pixel Remaster
650608,Nobody Saves the World
616671,The Wandering Village
566555,Carnal Instinct
534163,Gears 5: Hivebusters
437062,THE WONDERFUL 101: REMASTERED
416806,Tom Clancy’s The Division 2: Warlords of New York
364801,Soul Calibur V
340897,Mobile Legends: Adventure
327209,Songs of Conquest
302921,Stela
301514,Solar Ash
301512,Stronghold 2
299850,Pirates Outlaws
295014,Darkest Dungeon 2
264695,The Goonies
257297,One Hand Clapping
252653,Fitness Boxing
59796,Coffee Talk
59144,holedown
58826,Super Mario Party
57367,Gradius III (1989)
56174,Pokémon Colosseum
54478,Perfect Dark (GBC)
53547,Sonic Advance 2
53412,Mega Man Zero
52928,FIFA (1993)
51321,Concrete Genie
51179,Leisure Suit Larry 6 - Shape Up Or Slip Out
51066,Unforeseen Incidents
49802,Speed Dating for Ghosts
49257,City Game Studio
45972,UnderMine
40323,El Shaddai: Ascension of the Metatron
38468,Полный привод 2: УАЗ 4x4
37913,Русская рыбалка
35973,NHL 2005
35110,Падал прошлогодний снег
34947,The Godfather: The Game
32785,Heavenly Sword
32664,Unreal Mission Pack: Return to Na Pali
31948,Leisure Suit Larry 7: Love for Sail!
31861,Trespasser
31721,The Immortal
28790,BlazBlue
28783,Crash Mind Over Mutant
28627,Halo 4
28254,TEKKEN 6
27998,Fire Emblem Fates: Revelation
26889,The King of Fighters '96
26314,Sam & Max Season Two: Beyond Time and Space
26042,Guitar Hero 5
24201,Skylanders Trap Team
22315,Spark the Electric Jester
21119,One Finger Death Punch
20809,Vector
19616,Etherlords
19561,Geometry Wars: Retro Evolved
19320,Recettear: An Item Shop's Tale
17885,Overlord
17558,Trials Evolution: Gold Edition
17179,Resident Evil 0 / Biohazard 0 HD REMASTER
16698,Homeworld: Deserts of Kharak
15985,Secret Files 2: Puritas Cordis
14599,Saints Row IV: Game of the Century Edition
14422,Condemned: Criminal Origins
13843,Dreamfall Chapters
13679,Lost Eden
13461,Resident Evil 5
13004,Bucket Detective
12761,"Warhammer 40,000: Dawn of War II: Retribution"
12569,Starbound
12215,KeeperRL
11799,Audiosurf 2
10760,Majotori
10436,Golf With Your Friends
10416,Darkwood
10157,Brothers in Arms: Earned in Blood
9649,Climbey
7877,Mobile Legends: Bang bang
6898,Bloons TD 5
5387,Syphon Filter: Logan's Shadow
5269,Nuclear Strike
4828,Borderlands
4799,Tales from Space: About a Blob
4475,Uncharted: Golden Abyss
4070,Dead or Alive 5 Plus
3983,Castlevania: Lament of Innocence
3931,Saints Row IV
3497,Far Cry 4
2104,Ape Escape 2
1670,Shadowrun: Dragonfall - Director's Cut
1297,Angry Birds Epic RPG
951,Into the Dead
914,Wonder Boy: The Dragon's Trap
453,Carcassonne (2010)
417,NARUTO SHIPPUDEN: Ultimate Ninja STORM 4 ROAD TO BORUTO
408,Implosion - Never Lose Hope
188,Modern Combat 2: Black Pegasus
791636,Call of Duty: Modern Warfare II
748414,Aperture Desk Job
702395,WorldBox - God Simulator
615054,NINJA GAIDEN Σ2
573123,Life is Strange: True Colors
537745,HROT
514902,Chicken Police – Paint it RED!
446323,shapez.io
402999,Castlevania: Dracula X
383517,Teamfight Tactics
383193,The Headmaster
379556,"Yes, Your Grace"
257231,Sky Destroyer
244882,Life is Strange 2 - Episode 1
225113,Card Wars - Adventure Time
216308,CHANGE: A Homeless Survival Experience
80232,The Sims 2: Pet Stories
71924,FIFA Soccer
60420,Deep Space Waifu: FANTASY
59193,Earth Defense Force 5
58498,Bloodstained: Curse of the Moon
57592,Marvel Super Heroes
57416,Marvel Super Heroes In War of the Gems
56141,NBA Street
55882,Pinocchio (1996)
54780,Virtua Fighter 3
54646,Garou: Mark of the Wolves
54313,Shin Megami Tensei
54005,R.C. Pro-Am
53800,Dragon Quest (1986)
53538,The Sims Bustin' Out
52894,Duke Nukem: Time to Kill
50054,Old School Musical
49170,The Colonists
49047,Little Busters! English Edition
46301,Raft
45342,Orwell: Ignorance is Strength
42630,Castlevania: Lords of Shadow 2 - Revelations
41341,Battlefield 3: Armored Kill
40986,Dragon Age 2: Legacy
37775,The Elder Scrolls 4: Oblivion - Knights of the Nine
37212,Europa Universalis III
36692,Diner Dash
35889,Alien Shooter: Vengeance
35076,Vietcong
34776,Battlefield 1942: Secret Weapons of WWII
34725,Republic: The Revolution
33770,Ski or Die
32614,Disney's Peter Pan Adventures in Never Land
30936,FIFA 2003
29248,BOXVR
29180,Ni no Kuni II: Revenant Kingdom
29047,American Wasteland
28771,FIFA 07
27967,New Super Mario Bros. U
26472,Spider-Man: Shattered Dimensions
26193,Just Dance
25830,Ogre Battle: The March of the Black Queen
25807,Sonic Chaos
25584,Time Hollow
25042,Trauma Center: Second Opinion
24903,Ice Age 2: The Meltdown
24166,Tennis
23639,Heartbound
23000,Europa Universalis
22907,Magic Carpet 2: The Netherworlds
22885,Warlords Battlecry 2
21831,Onirim - Solitaire Card Game
19661,Silent Hunter V: Battle of the Atlantic
19440,Kohan II: Kings of War
19057,S.T.A.L.K.E.R.: Clear Sky
18615,Space Quest Collection
16628,Tormentum - Dark Sorrow
15294,The Void
15167,HuniePop
14884,"Dude, Stop"
14479,Gaokao.Love.100Days
14478,Delicious! Pretty Girls Mahjong Solitaire
13387,Serious Sam HD: The Second Encounter
12738,Bear With Me
10900,Project Zomboid
9771,Heat Signature
8488,Tom Clancy's Rainbow Six Siege
4648,Golden Axe
4377,Myst
3717,"The Walking Dead: Season 2 - Ep.1, All That Remains"
680,Red Faction
667,10000000
122,This is the Police
82,Rain World
995448,Dynasty Warriors: Origins
983925,Chained Together
980862,Karma: The Dark World
967296,Quasimorph
923025,Master Detective Archives: RAIN CODE
894428,Wavetale
871148,Age of Mythology: Retold
865075,Backfirewall_
864996,Fresh Start Cleaning Simulator
804786,Final Vendetta
776391,Save Room - Organization Puzzle
763608,Stacklands
748408,Lewd City Girls
721055,Sucker for Love: First Date
700712,Rusted moss
678558,Settlement Survival
674559,Unusual Findings
586122,Suspects: Mystery Mansion
576361,Caravan Sandwitch
573621,FNF Tricky [madness combat] - Test
573125,Life is Strange Remastered
518103,Little Big Planet
517331,DiRT 3 Complete Edition
502266,MAD FUT 21 Draft & Pack Opener
490417,Hyrule Warriors: Age of Calamity
485015,Toilet Management Simulator
484505,Puyo Puyo Tetris 2
455585,New Pokémon Snap
452664,A Juggler's Tale
442855,Mafia II: Definitive Edition
442841,WRC 9 FIA World Rally Championship
437061,Down the Rabbit Hole
427653,Hardspace: Shipbreaker
421742,Evo Pop
391892,Start Survey?
386490,Moorhuhn Kart
380836,When The Past Was Around
380792,DORAEMON STORY OF SEASONS
377842,Rebel Inc: Escalation
375198,Agent Intercept
370286,Before I Forget
333362,Eiyuu Densetsu: Zero no Kiseki
331360,MLB 16: The Show
326239,Lego Star Wars: The Skywalker Saga
323148,Tales of the Black Forest
311735,Transport Fever 2
288661,Carcassonne
281854,Ridge Racer 2
270721,Carto
251482,Batman: Arkham City Armored Edition
249994,Reventure
244828,macdows 95
114320,Burning Daylight
71830,Flow Free
71680,Azur Lane
64056,A Fold Apart
59218,Wild Arms 5
58774,Harold Halibut
58762,Gears Tactics
58154,The Way Remastered
57956,Vampire Hunter D
57675,Pepsiman
57547,Tiny Toon Adventures: Buster Busts Loose!
57424,Mega Man X3 (1995)
57317,Bugs Bunny Rabbit Rampage
56175,Pokémon XD: Gale of Darkness
54885,R-Type (1987)
54781,Walt Disney World Quest: Magical Racing Tour
54356,Blast Corps
54254,Ecco: The Tides of Time (1994)
53942,Mega Man 6 (1993)
53711,The Battle of Olympus
53710,Batman: Return of the Joker
53709,Batman: The Video Game
53684,Arkanoid (1986)
53679,The Astyanax
53598,Tactics Ogre: The Knight of Lodis
53366,Super Dodge Ball (1988)
53146,Baldur's Gate: Dark Alliance
53106,James Bond 007: Everything or Nothing
52215,Burnout Paradise Remastered
50630,Broken Reality
49813,It's Quiz Time
49603,Home - A VR Spacewalk
48137,Ski Safari: Adventure Time
47359,Chuchel
44931,Do Not Feed the Monkeys
44062,Crimson Gray
42071,Need for Speed: Most Wanted - Deluxe DLC Bundle
41977,Sleeping Dogs: Wheels of Fury
41856,Age of Empires II: Forgotten Empires
41548,Motor Rock
41213,Command & Conquer: Generals 2
39789,Русская рыбалка 2
37512,Hugo: Cannon Cruise
36756,Mage Knight: Apocalypse
36189,Sonic Heroes
36143,Star Heritage: The Black Cobra
34940,Timon & Pumbaa's Jungle Games
34891,Will Rock
34865,Conflict: Desert Storm 2 - Back to Baghdad
34668,XIII
34334,Antarctic Adventure
33908,Поле чудес: Капитал-шоу
32685,Prince of Persia 2: The Shadow and the Flame
32636,Street Racer
32411,SimCopter
32257,Command & Conquer: Red Alert - Counterstrike
32024,SWAT 3: Close Quarters Battle
31553,Frogger 2: Swampy's Revenge
30317,Mortyr 2093-1944
30155,Titanic: Adventure Out of Time
29640,Forsaken
29129,SAMURAI WARRIORS 2
28956,GoldenEye 007: Reloaded
27980,Tomodachi Life
27714,Super Mario Advance 4: Super Mario Bros. 3
27181,Harvest Moon 3D: A New Beginning
27168,Dr. Mario
25822,The House of the Dead: Overkill
25658,Guitar Hero World Tour
24567,Dawn of Discovery
24048,Mega Man X2
23700,Cars Race-O-Rama
23469,Redneck Rampage Rides Again
23254,Zumbi Blocks
22883,Dangerous Dave Pack
22857,Tales of Monkey Island
22827,Gangland
22781,Syberia 2
22709,Wing Commander 4: The Price of Freedom
19511,Act of War: Direct Action
18708,Pathologic Classic HD
17744,Sudeki
16974,Samorost 2
14501,SHENZHEN I/O
13732,Tycoon City: New York
13112,Jenny LeClue - Detectivu
13051,The Dig
11787,Hyper Jam
11407,Banished
10299,Steel Division: Normandy 44
10158,Brothers in Arms: Road to Hill 30
9894,Squad
9577,TerraTech
5350,Tom Clancy's Rainbow Six
5200,Grand Theft Auto: Chinatown Wars
4954,Castle Crashers
4364,Alex Kidd in Miracle World
3709,JoJo's Bizarre Adventure: All-Star Battle
3506,SAMURAI WARRIORS 4
513,DEAD TRIGGER 2
440,Knee Deep
324,Psychonauts In The Rhombus Of Ruin
271,Kingdom: New Lands
249,Ys Origin
587608,Core
568888,Mitoza
522975,NEO: The World Ends With You
495621,Disney’s Aladdin (1993)
485092,Cyber Manhunt
430213,Batman: Arkham Knight - A Matter of Family
413872,Never Alone: Foxtales
334433,Kirby: Squeak Squad
329550,Resident Evil 7 End Of Zoe
294122,Metal Gear Acid 2
290887,Angry Birds VR: Isle of Pigs
290864,The Legend of Zelda: Four Swords
284700,DYSMANTLE
257184,Disney's TaleSpin (TurboGrafx-16)
251501,One Hour One Life
249963,Taiko No Tatsujin: Drum'n'Fun
221479,My Child Lebensborn
60767,Disgaea 5 Complete / 魔界戦記ディスガイア5
60658,Monster Prom
59613,Spelunky 2
58617,Borderlands 3
58574,Hyrule Warriors: Definitive Edition
57935,Twisted Metal (1995)
55415,Descent: FreeSpace – The Great War (1998)
53882,Joe & Mac
53585,Super Ghouls 'n Ghosts (1991)
53214,Crash Nitro Kart
52871,Digimon World 3
49721,AntVentor
49353,FRAMED Collection
46979,The Talos Principle VR
45827,Door Kickers: Action Squad
41985,Dead Space 3: Awakened
36602,The Sims 2: Nightlife
35909,.kkrieger
33430,Balda
32470,Paradise Cracked
32251,LEGO Racers
29739,Prisoner of War
29066,Rockstar Table Tennis
28569,DD: Dark Arisen
28041,Little Nightmares: Secrets of the Maw
27133,Mario Tennis Open
25479,The Chronicles of Narnia: Prince Caspian
25163,Scarface: The World Is Yours
25161,Lode Runner
23459,Heart's Medicine - Hospital Heat
23260,Tesla vs Lovecraft
22809,Moto Racer 2
22728,Jagged Alliance: Deadly Games
19611,Port Royale 2
17544,Attack on Titan / A.O.T. Wings of Freedom
16817,Mount & Blade: With Fire & Sword
13155,Four Last Things
11663,My Friend Pedro
11174,Invisigun Heroes
10309,Endless Space 2
9736,Slime Rancher
9234,Dragon Mania Legends
8467,Two Dots
5663,Star Wars: The Force Unleashed
5598,NARUTO SHIPPUDEN: Ultimate Ninja STORM 3
5268,Need For Speed Underground Rivals
5260,LEGO Indiana Jones: The Original Adventures
4067,Tales of Graces f
4052,Guacamelee!
3635,Rogue Legacy
3355,Star Wars: Episode III: Revenge of the Sith
2096,TRANSFORMERS: Fall of Cybertron
1492,Leo's Fortune
1411,Hatsune Miku: Project DIVA X
750,FINAL FANTASY XV
237,Modern Combat 3: Fallen Nation
144,Angry Birds
134,Freedom Planet
89,Geometry Dash
989866,Rogue Waters
973793,100 Asian Cats
973086,100 Christmas Cats
972784,ThornSin
968851,For The King II
955681,Fabledom
934465,Forza Horizon 5: Rally Adventure
857621,The Last Hero of Nostalgaia
836798,The Entropy Centre
830270,The Spirit and the Mouse
799267,Aliens: Dark Descent
799244,Outriders Worldslayer
769380,College Kings 2 - Act I
725846,Sengoku Dynasty
669374,SUPER CHICKEN JUMPER
647609,Carrier Command 2
619806,FAR: Changing Tides
611678,Anima: The Reign of Darkness
584414,FNF Corrupted / Boyfriend TEST
568931,Dorfromantik
566663,Marble Age: Remastered
563370,Song of Farca: Prologue
548291,The Elder Scrolls Online: Blackwood
541732,Dom Rusalok
517384,Turnip Boy Commits Tax Evasion
514889,Fruit Ninja
496649,Mighty Goose
482921,Little Witch in the Woods
462098,Windows Vista Simulator
460404,Bloodstained: Curse of the Moon 2
447833,CARRION Demo
444381,Winding Worlds
428966,Paradise Killer
428801,8Doors: Arum's Afterlife Adventure
428681,pureya
427930,Phasmophobia
427726,Fake Lay
404456,The Sims 4: Get Together
394389,Mass Effect 2: Zaeed – The Price of Revenge
385986,Devil Slayer - Raksasi
383516,League of Legends: Wild Rift
376790,Card of Darkness
370129,NGU IDLE
368974,Mighty Morphin Power Rangers: The Movie
367673,Furry Gainer RPG
353419,Championship Manager: Season 02/03
349947,Knock Harder
331579,Swords and Sandals: Gladiator
327230,Romancing SaGa 3
323175,Monster Girl Island: Prologue
309153,The Revenge of Shinobi (1989)
293455,Rune Factory 4 Special
286479,Dead or Alive 3
274762,The Outer Worlds
264758,DARQ
251596,Observation
251514,Inkulinati
251464,Hitchhiker
250011,Jupiter Hell
249954,Carrion
241178,Sexbot Quality Assurance Simulator
233968,Steel Division 2
229964,Wormax.io
91258,Freetime Event: Poolside Edition
90570,Momodora II
90483,Lost Constellation
87820,Borderlands Game Of The Year
79856,The Sims 2: Castaway Stories
76547,Age Of Magic
63544,Up Left Out
62435,Heart of the Woods
61124,"one night, hot springs"
59369,Knowledge is Power: Decades
59129,EyeToy: Play 2
59015,Psychedelica of the Ashen Hawk
57857,This Is Football
57620,Monster Rancher 2
57381,Indiana Jones' Greatest Adventures (1994)
57012,Dynamite Headdy (1994)
55630,"Simon the Sorcerer II: The Lion, the Wizard and the Wardrobe"
55545,Michael Jackson's Moonwalker
55260,Animaniacs
54375,Cruis'n USA (1996)
54057,Solomon's Key (1986)
53727,Bomberman II
53492,Ready 2 Rumble Boxing: Round 2
53465,Pac-Man World
53402,Mega Man Battle Network 5
53111,Tak and the Power of Juju
52998,Grand Theft Auto
52850,Dark Seed
52542,Kung-Fu Master
52495,Bump 'n' Jump
52446,Phoenix (1980)
52179,This Is the Police 2
52175,Battletoads
52101,Super One More Jump
51324,Kingdom Hearts III
50677,Superhot: Mind Control Delete
50576,Atomic Heart
50056,A Sky Full of Stars
47428,Hunt: Showdown
47361,Zwei: The Ilvard Insurrection
47351,Batman: The Enemy Within
46240,"Guns, Gore and Cannoli 2"
43437,Tales from the Borderlands: Episode Four - Escape Plan Bravo
43145,Resident Evil: Revelations 2 - Episode 2: Contemplation
42617,S.T.A.L.K.E.R.: Lost Alpha
42538,The Sims 3: Roaring Heights
41569,Marvel vs. Capcom: Origins
39605,Heroes of Newerth
39109,Fallout 3: The Pitt
38172,F.E.A.R. Perseus Mandate
38100,LEGO Universe
37032,The Whispered World
36807,Dynasty Warriors 4
36582,The Suffering: Ties That Bind
35325,Spider-Man 2: The Game
35209,FIFA 2004
33136,Blood: Plasma Pack
32977,Heroes of Might and Magic 4
32955,Fatal Racing
32309,Blockout
31919,Lords of the Realm 2
31385,ГЭГ+: Гарри в отпуске
31201,Gold & Glory: The Road to El Dorado
30954,Rally Trophy
30518,Prince of Qin
30047,Dark Reign: The Future of War
29713,Beavis and Butt-Head in Virtual Stupidity
29590,Warcraft: Orcs & Humans
28292,Eternal Sonata
27932,Miitopia (3DS)
27581,Story of Seasons
26763,Solatorobo: Red the Hunter
25614,Crash Bandicoot: Mind over Mutant
25323,Trauma Center: New Blood
25086,Gradius
23976,Persona Q: Shadow of the Labyrinth
23747,Ultra Street Fighter II: The Final Challengers
23587,Sonic Mania
23487,Nancy Drew: Treasure in the Royal Tower
23392,CrossCells
22774,Gabriel Knight: Sins of the Fathers
22223,Battle Chess
21759,Master Levels for Doom II
21690,The Treasures of Montezuma 3
21255,Leo’s Fortune - HD Edition
20127,Seven Kingdoms: Ancient Adversaries
19700,Advent Rising
19633,Need For Speed: Hot Pursuit
19167,Terra Nova: Strike Force Centauri
19022,Putt-Putt Goes to the Moon
18548,Environmental Station Alpha
18052,Princess Isabella: The Rise of an Heir
18050,Assault Squad 2: Men of War Origins
17043,Morningstar: Descent to Deadrock
15443,SHENZHEN SOLITAIRE
15408,Nameless ~The one thing you must recall~
15281,Creeper World 2: Anniversary Edition
14778,X-note
14176,Ladykiller in a Bind
14000,Penumbra: Black Plague Gold Edition
13246,The Aquatic Adventure of the Last Human
11958,Nidhogg 2
11925,Nancy Drew: Ghost Dogs of Moon Lake
11316,Holopoint
10997,de Blob
10953,Open Sorcery
10198,Craft The World
9802,Fernbus Simulator
9745,Train Sim World: CSX Heavy Haul
7102,Hidden Folks
6113,Atomas
5730,Earn to Die 2
5676,The BIGS 2
5659,Sonic's Ultimate Genesis Collection
5564,F.E.A.R. 2: Project Origin
5413,LUMINES Supernova
5069,Lunar: Silver Star Harmony
4409,Zuma
4296,WAY OF THE SAMURAI 4
3488,Tales of Hearts R
3316,Ultra Street Fighter IV
2952,PaRappa The Rapper 2
2886,KLAUS
2049,Severed
1955,Clumsy Ninja
961,Beat Hazard Ultra
801,Age of Zombies
493,Monster Dash
172,Galaxy on Fire 2 HD
161,Momodora: Reverie Under the Moonlight
108,Mortal Kombat X
25,Middle-earth: Shadow of War
966349,We Were Here Expeditions: The FriendShip
952107,Kujlevka
722646,How Fish Is Made
619744,Wartales
615052,NINJA GAIDEN Σ
556539,Spear of Destiny
462678,Know by Heart
367176,MO:Astray
367125,Travellers Rest
366850,Ghostrunner
336136,Super Smash Bros. for Nintendo 3DS
327228,Circuit Superstars
299557,Emily is Away <3
276685,STEINS;GATE: Linear Bounded Phenogram
268403,Bladed Fury
257377,Boomerang Fu
251511,Evenicle
251494,3D Girl Custom Evolution
74233,Tap Titans 2
57349,F-Zero (Wii U)
56221,Star Wars Rogue Squadron III: Rebel Strike
54763,V-Rally 2
54440,Mega Man Legends (1997)
53802,Dragon's Lair
53090,Legend of Legaia
52423,Galaxian
47356,Stranger Things: The Game
44641,PC Building Simulator
43930,House Party
39219,Splatterhouse (2010)
38965,Star Wars: The Old Republic
38293,The Sims 2: Teen Style Stuff
37967,Scratches: Director's Cut
37522,UAZ Racing 4x4
36542,Total Overdose
36292,I-Ninja
35586,Pro Evolution Soccer 3
34959,Blitzkrieg
33878,Dangerous Dave in the Haunted Mansion
31005,Evil Twin: Cyprien's Chronicles
30959,California Games
28580,Dragon Age 2
28333,Viva Piñata Party Animals
27401,Yoshi's Island: Super Mario Advance 3
25162,The Sims 2: Pets
25100,Ice Climber
24508,DJ Hero
24071,Wario Land 3
23981,Super Mario Advance
23004,Indiana Jones and the Emperor's Tomb
21265,Half-Life: Opposing Force
19655,Guacamelee! Gold Edition
19564,The Settlers: Heritage of Kings
19490,Cold Fear
18558,Enigmatis 3: The Shadow of Karkhala
17609,Knights of Pen and Paper 2
17375,Gravity Ghost
17002,Hate Plus
16739,Delta Force
16428,Return to Mysterious Island
15740,Crazy Machines 1.5
15272,System Shock
11817,Nancy Drew: The Haunting of Castle Malloy
9907,Pictopix
9770,Disney•Pixar Toy Story 3: The Video Game
9612,Ghost of a Tale
9475,Don't Starve
7616,Dumb Ways to Die
6220,Twilight Struggle
4489,Crysis 2
3647,Child of Light
2064,Grow Up
1430,The Final Station
1099,Batman: Arkham VR
992,Yomawari: Night Alone
798,Downwell
719,Deponia
633,Badland
102,Subway Surfers
975605,Enshrouded
973509,Brothers: A Tale of Two Sons Remake
727317,Blood West
686812,The Legend of Tianding
494394,Monster Hunter Stories 2: Wings of Ruin
430439,Atom RPG: Trudograd
383546,AVICII Invector
367112,The White Door
356714,Among Us
303614,Smile For Me
292945,7th Sector
284755,Chaos;Child
62520,Shantae: Half-Genie Hero Ultimate Edition
55084,Out Run
54095,Teenage Mutant Ninja Turtles (1989)
52879,Disney's Tarzan
52594,Star Fox
51595,Yume Nikki
49868,Crash Bandicoot: The Wrath of Cortex
45156,We Were Here Too
43946,The House of da Vinci
42891,Hill Climb Racing
41263,Naruto: Ultimate Ninja 2
41115,Deus Ex: Human Revolution - The Missing Link
39110,Fallout 3: Broken Steel
32950,Heavy Metal: F.A.K.K.2
32232,Little Big Adventure
31435,Die Hard Trilogy
29853,Rampage World Tour
28604,Midnight Club: Los Angeles
28323,Ice Age: Dawn of the Dinosaurs
25818,Fire Emblem: Shadow Dragon
21561,Planet Alcatraz
19568,Tom Clancy's Splinter Cell: Conviction
19552,Majesty 2
18700,Supreme Commander: Forged Alliance
14796,"Guns, Gore & Cannoli"
13605,Victoria II
12134,Software Inc.
12019,BattleBlock Theater
11814,NEO Scavenger
10061,Watch Dogs 2
9997,Arma 3
9980,Emily is Away Too
9789,Google Earth VR
8433,Halo Wars 2
6905,Electronic Super Joy: Groove City
6078,Crazy Machines
5690,The Sims 3 Pets
4565,inFAMOUS Festival of Blood
4274,Zuma's Revenge!
4141,Persona 4 Arena
4023,Deadly Premonition: The Director's Cut
3909,Killzone: Mercenary
1002487,The Mr. Rabbit Magic Show
997679,Urban Myth Dissolution Center
995586,Beyond Citadel
991685,Karate Survivor
977230,Supermarket Simulator
972995,Grand Theft Auto VI
972292,Udonge in Interspecies Cave
971961,Cobalt Core
966102,Aimlabs
961361,Railway Empire 2
960605,Darkest Dungeon II
957611,Mighty DOOM
945036,Sludge Life 2
941570,Daydream: Forgotten Sorrow
916629,My singing Monsters:The Lost Landscapes
916555,Bread & Fred
850694,Kirby’s Return to Dream Land Deluxe
840775,Dune: Awakening
836444,The Life is Strange: Arcadia Bay Collection
813607,Placid Plastic Duck Simulator
802049,Norland
799323,20 Minutes Till Dawn
789908,DRAINUS
783865,Shotgun King: The Final Checkmate
754888,The Quarry
752182,WWE 2K22
738058,Legends of Kingdom Rush
729320,Countryball: Catch em' All
686811,MARSUPILAMI - HOOBADVENTURE
684907,Resident Evil 4 (VR)
678647,ElecHead
677178,Heaven Dust 2
665016,Blade of Darkness
647599,My Garage
644753,Here Comes Niko!
637510,Punishing: Gray Raven
616684,Just Dance 2022
587604,FNF / Miku TEST
566578,Teamfight Manager
559082,Sensual Adventures - The Game
552943,The Longest Road on Earth
551148,Tavern Master
524450,Slendytubbies
449195,The Light Remake
430295,My Lovely Wife
427998,SHEEPO
423970,Dicast: Rules of Chaos
422857,BioShock 2: Minerva's Den Remastered
409583,Dragon Age: Inquisition - The Descent
398406,Ruined King: A League of Legends Story
395171,Life is Strange - Episode 5: Polarized
394404,Half-Life: C.A.G.E.D.
392084,Astro Bears
383495,The Sims 4: StrangerVille
372603,Gas Station Simulator
370243,Timelie
362880,The Last Spell
356233,Romance Club - Stories I Play (with Choices)
355682,Super Bomberman 5
349598,BOMJMAN
338381,Portal: Prelude
336807,Front Mission: Gun Hazard
301526,I'm on Observation Duty
295016,Hugo 2
294139,Intruder
292977,Chocobo's Mystery Dungeon EVERY BUDDY!
292902,The Lord of the Rings: Journeys in Middle-earth
291582,Bird Of Passage
287334,Hang-On
267749,Toki (2018)
251887,Fate / Grand Order
249957,Resident Evil: Origins Collection
227637,Father and Son
100569,Mass Effect 3 - Tuchanka
90487,Longest Night
69028,Little Alchemy
63355,Hidden Paws
62470,Queen's Quest 4: Sacred Truce
61896,Nippon Marathon
61145,SharpShooter3D
61073,Touhou Luna Nights
60869,Terraforming Mars
60812,Golf Peaks
60250,Lucy Got Problems
59246,SHIN MEGAMI TENSEI Liberation D×２
57959,Vib-Ribbon (1999)
57784,Soviet Strike (1996)
57598,Mega Man 8 (1996)
56000,Call of Duty: Finest Hour
54930,X-Men: Mutant Academy
54629,Crazy Taxi (1999)
54628,Confidential Mission
54574,Yoshi's Story (1997)
54033,Seicross
53953,Mighty Bomb Jack (1986)
53941,Mega Man 4 (1991)
53878,Jackie Chan's Action Kung Fu
53682,Arch Rivals
53650,Yu-Gi-Oh! World Championship Tournament 2004
53628,Van Helsing
53181,Castlevania: Circle of the Moon
53152,Batman Begins
53053,Jersey Devil (1997)
52386,Reigns: Kings & Queens
51601,The Lion’s Song
51495,OK K.O.! Let’s Play Heroes
51192,Goat Simulator: The GOATY
51156,Mhakna Gramura and Fairy Bell
47639,Angry Birds Friends
46893,Just Dance 2018
46800,Eventide 3: Legacy of Legends
46560,Stick Fight: The Game
46058,X4: Foundations
45729,仙剑奇侠传五-Chinese Paladin 5
45340,Fashioning Little Miss Lonesome
44765,Patapon Remastered
44057,GORN
43711,Gladiabots
41829,Chicken Invaders 2: The Next Wave
41336,Wasteland 2
40913,Atelier Totori: The Adventurer of Arland
40332,Start the Party!
39745,The Settlers 7: Paths to a Kingdom
38553,Natalie Brooks: Secrets of Treasure House
38298,Tom Clancy's H.A.W.X.
37818,Jagged Alliance 3
37766,Destination: Treasure Island
37764,The Sims 2: Glamour Life Stuff
37615,Sonic Riders
37261,Age of Empires III: The WarChiefs
37221,Battlefield 2142
37099,Mashed: Fully Loaded
36033,Singles 2: Triple Trouble
35703,Xonotic
35562,Warcraft Adventures: Lord of the Clans
35486,Seal of Evil
35398,ALFA: аntiterror
35016,Madden NFL 2004
34647,Broken Sword 2.5 - Return of the Templars
33628,Flip-Flop
32886,Blair Witch Project: Episode 2 - The Legend of Coffin Rock
32848,Mat Hoffman's Pro BMX
32790,UEFA Euro 2000
32255,Catch the Sperm
32140,Wacky Races
32122,Tomb Raider 3: Adventures of Lara Croft
32083,Soko-ban
32044,Midnight Nowhere
32001,King's Bounty
31995,SimCity (1989)
31811,Dark Sun: Shattered Lands
31256,Budokan: The Martial Spirit
31021,SimTown
31011,Zax: The Alien Hunter
30982,Marble Madness
30870,NHL 2003
30510,The Sims 2 IKEA Home Stuff
29131,Forza Motorsport 3
28873,DW: GUNDAM 2
28815,Culdcept SAGA
28743,Tiger Woods PGATOUR 09
27947,Flipping Death
27512,DK: King of Swing
27060,Wii Play: Motion
26076,Kingdom Hearts 358/2 Days
26006,The Humans
25858,Henry Hatsworth in the Puzzling Adventure
25499,Etrian Odyssey II: Heroes of Lagaard
25267,Nicktoons: Attack of the Toybots
25044,Super Monkey Ball: Banana Blitz
24454,Castlevania: The Adventure ReBirth
23439,Lode Runner 1
22345,TARTARUS
21964,Colony Survival
20022,9 Clues 2: The Ward
19572,Call of Juarez
19140,Awareness Rooms
19020,Pajama Sam 3: You Are What You Eat From Your Head To Your Feet
17777,Anno 2070
17660,The Sandbox
17126,Torchlight II
17120,Analogue: A Hate Story
16970,Duet
16438,Ground Control II: Operation Exodus
15861,STAR WARS - The Force Unleashed Ultimate Sith Edition
15651,Nimble Writer
15410,Endless Fables: The Minotaur's Curse
14690,Trine Enchanted Edition
13545,Exanima
13338,Cat Goes Fishing
13247,Human: Fall Flat
13172,The Gardens Between
13114,Long Live The Queen
12764,Shadowhand
12323,Shadowrun: Hong Kong - Extended Edition
11871,Nancy Drew: The White Wolf of Icicle Creek
10847,Scrap Mechanic
10661,Hob
10628,P·O·L·L·E·N
10383,Transport Fever
10315,Ghost 1.0
10173,Muv-Luv
10088,Owlboy
10049,Hitman: Codename 47
9965,Tony Tough and the Night of Roasted Moths
9823,Weed Shop 2
9800,Streets of Rogue
9459,House Flipper
8345,slither.io
7040,Red Ball 4
6257,DRAGON QUEST II
5995,Little Inferno
5899,Temple Run: Oz
5708,Virtua Tennis 2009
5680,The Eye of Judgment
5522,BlazBlue: Continuum Shift
5463,Rayman
5395,Killzone: Liberation
4776,PixelJunk Shooter 2
4476,WipEout 2048
4460,Hakuoki: Demon of the Fleeting Blossom
4360,Rayman Arena
4251,LittleBigPlanet (PS Vita)
4153,Black Knight Sword
3941,Dragon's Crown
3882,God of War: Ascension
3850,LEGO Marvel Super Heroes
3748,SteamWorld Dig
3583,inviZimals: The Lost Tribes
2653,Tiny Guardians
2548,Shantae and the Pirate's Curse
2465,Shadow Fight 2
2076,Color Zen
1386,Plants vs. Zombies HD
1282,Angry Birds Go!
1222,Motorsport Manager
1183,Tomb of the Mask
1176,A Bastard's Tale
1071,Job Simulator
998,Battlefield 1
713,Ultimate Marvel vs. Capcom 3
568,Dream Quest
444,Radiation Island
442,Galaxy on Fire
415,Clash Royale
387,Knights of Pen & Paper
972469,FlipWitch - Forbidden Sex Hex
972166,Invincible Presents: Atom Eve
898482,Babbdi
861274,Marauders
831876,Boneraiser Minions
741501,FINAL FANTASY II Pixel Remaster
650608,Nobody Saves the World
616671,The Wandering Village
566555,Carnal Instinct
534163,Gears 5: Hivebusters
437062,THE WONDERFUL 101: REMASTERED
416806,Tom Clancy’s The Division 2: Warlords of New York
364801,Soul Calibur V
340897,Mobile Legends: Adventure
327209,Songs of Conquest
302921,Stela
301514,Solar Ash
301512,Stronghold 2
299850,Pirates Outlaws
295014,Darkest Dungeon 2
264695,The Goonies
257297,One Hand Clapping
252653,Fitness Boxing
59796,Coffee Talk
59144,holedown
58826,Super Mario Party
57367,Gradius III (1989)
56174,Pokémon Colosseum
54478,Perfect Dark (GBC)
53547,Sonic Advance 2
53412,Mega Man Zero
52928,FIFA (1993)
51321,Concrete Genie
51179,Leisure Suit Larry 6 - Shape Up Or Slip Out
51066,Unforeseen Incidents
49802,Speed Dating for Ghosts
49257,City Game Studio
45972,UnderMine
40323,El Shaddai: Ascension of the Metatron
38468,Полный привод 2: УАЗ 4x4
37913,Русская рыбалка
35973,NHL 2005
35110,Падал прошлогодний снег
34947,The Godfather: The Game
32785,Heavenly Sword
32664,Unreal Mission Pack: Return to Na Pali
31948,Leisure Suit Larry 7: Love for Sail!
31861,Trespasser
31721,The Immortal
28790,BlazBlue
28783,Crash Mind Over Mutant
28627,Halo 4
28254,TEKKEN 6
27998,Fire Emblem Fates: Revelation
26889,The King of Fighters '96
26314,Sam & Max Season Two: Beyond Time and Space
26042,Guitar Hero 5
24201,Skylanders Trap Team
22315,Spark the Electric Jester
21119,One Finger Death Punch
20809,Vector
19616,Etherlords
19561,Geometry Wars: Retro Evolved
19320,Recettear: An Item Shop's Tale
17885,Overlord
17558,Trials Evolution: Gold Edition
17179,Resident Evil 0 / Biohazard 0 HD REMASTER
16698,Homeworld: Deserts of Kharak
15985,Secret Files 2: Puritas Cordis
14599,Saints Row IV: Game of the Century Edition
14422,Condemned: Criminal Origins
13843,Dreamfall Chapters
13679,Lost Eden
13461,Resident Evil 5
13004,Bucket Detective
12761,"Warhammer 40,000: Dawn of War II: Retribution"
12569,Starbound
12215,KeeperRL
11799,Audiosurf 2
10760,Majotori
10436,Golf With Your Friends
10416,Darkwood
10157,Brothers in Arms: Earned in Blood
9649,Climbey
7877,Mobile Legends: Bang bang
6898,Bloons TD 5
5387,Syphon Filter: Logan's Shadow
5269,Nuclear Strike
4828,Borderlands
4799,Tales from Space: About a Blob
4475,Uncharted: Golden Abyss
4070,Dead or Alive 5 Plus
3983,Castlevania: Lament of Innocence
3931,Saints Row IV
3497,Far Cry 4
2104,Ape Escape 2
1670,Shadowrun: Dragonfall - Director's Cut
1297,Angry Birds Epic RPG
951,Into the Dead
914,Wonder Boy: The Dragon's Trap
453,Carcassonne (2010)
417,NARUTO SHIPPUDEN: Ultimate Ninja STORM 4 ROAD TO BORUTO
408,Implosion - Never Lose Hope
188,Modern Combat 2: Black Pegasus
791636,Call of Duty: Modern Warfare II
748414,Aperture Desk Job
702395,WorldBox - God Simulator
615054,NINJA GAIDEN Σ2
573123,Life is Strange: True Colors
537745,HROT
514902,Chicken Police – Paint it RED!
446323,shapez.io
402999,Castlevania: Dracula X
383517,Teamfight Tactics
383193,The Headmaster
379556,"Yes, Your Grace"
379453,The Walking Dead: Saints & Sinners
376898,Humanity
286485,SteamWorld Quest: Hand of Gilgamech
238390,New Super Mario Bros. U Deluxe
58803,Trials Rising
57903,Gal*Gun 2
57002,Dr. Robotnik's Mean Bean Machine (1993)
56191,Resident Evil Zero
55278,Kirby's Dream Land (1992)
54284,Mighty Morphin Power Rangers
53499,River City Ransom
53026,I.Q.: Intelligent Qube
46663,Iron Marines
41342,Battlefield 3: End Game
36593,Hammer & Sickle
36191,Sacred Underworld
34588,Tomb Raider 2: Golden Mask
33363,Digger
32934,Dangerous Dave
32573,OutRun
31960,Петька 3: Возвращение Аляски
30270,FIFA 2001
28476,Sonic & SEGA Racing
26563,Sonic Colors
24359,Wii Party
24241,Pokémon Conquest
24077,Shantae
23770,Pokémon Picross
23488,Sudden Strike 2 Gold
22648,"Legend of Kyrandia: Malcolm's Revenge, The (Book Three)"
19637,Obscure
19615,Crysis Warhead
19439,Risen
14772,Mad Games Tycoon
14251,SPINTIRES
12737,Viscera Cleanup Detail
11815,Crawl
10516,The Age of Decadence
7441,Rusty Lake Hotel
5535,Condemned 2: Bloodshot
4417,Farm Frenzy 2
3126,DRAGON QUEST HEROES: The World Tree's Woe and the Blight Below
3070,Fallout 4
3007,Castle of Illusion Starring Mickey Mouse
2527,ARCADE GAME SERIES: GALAGA
2246,Metal Slug Anthology
995,80 Days
447,LEGO Harry Potter: Years 1-4
401,Nioh
48,PaRappa The Rapper: Remastered
997399,A Game About Digging A Hole
986898,Cat Quest III
981792,The Rogue Prince of Persia
972869,The Exit 8
963088,BattleBit Remastered
962397,F1 23
892898,Remnant 2
813540,Lollipop Chainsaw RePOP
801032,High on Life
777292,Soda Crisis
769960,Submerged: Hidden Depths
741500,FINAL FANTASY III Pixel Remaster
736256,CHRONO CROSS: THE RADICAL DREAMERS EDITION
707256,Sniper Elite 5
484985,Stuart Little 2 (PS1)
481910,Call of Duty: Black Ops Cold War
471017,Hellish Quart
428882,Fight Crab
412488,KUUKIYOMI: Consider It!
404486,Doom - Sigil
396883,Last Day Rules: Survival
388943,MudRunner
349245,WolfQuest: Anniversary Edition
341575,Freecell (1992)
318357,The Gray Garden
318354,Forza Motorsport 6: Apex
304182,Beyond a Steel Sky
303579,Soundfall
297213,Final Fantasy XV: Episode Ardyn
289994,Sid Meier's Civilization VI: Rise and Fall
277994,SENRAN KAGURA Burst Re:Newal
277957,Space Haven
262367,Flappy Bird
255823,Max Payne 3: The Complete Edition
246472,Fire Emblem: Thracia 776
238395,Just Dance 2019
65412,Geometry Dash SubZero
61152,Green Hell
59598,Army Men 3D
59343,Persona 5: Dancing in Starlight
59208,Resident Evil Outbreak: File 2
57019,Eternal Champions (1993)
56242,Teenage Mutant Ninja Turtles: Mutant Melee
56115,Medal of Honor: Rising Sun
55854,Mighty Morphin Power Rangers: The Movie (BG)
55144,Test Drive
54192,Fantastic Dizzy
54145,Wild Gunman (1984)
54011,Rainbow Islands: The Story of Bubble Bobble 2
53864,Hook (1992)
53851,The Guardian Legend
53392,Mario Kart: Super Circuit (2001)
53241,Disney's Extreme Skate Adventure
53203,Wrecking Crew (1985)
53109,Stuntman
51432,The Wolf Among Us 2
51124,Distraint 2
51050,Mount Your Friends 3D: A Hard Man is Good to Climb
50141,Contraband Police
46159,Floor Kids
45873,Academia: School Simulator
42930,Resident Evil: Revelations 2 - Episode 1: Penal Colony
41212,Battlefield 3: Back to Karkand
41033,The Sims 3: Town Life Stuff
38831,The Sims 2: Mansion & Garden Stuff
37276,Sid Meier's Civilization 4: Warlords
36355,Doom 3: Resurrection of Evil
35829,Icy Tower
35733,Князь 2. Продолжение легенды
35579,Blitzkrieg 2
35519,Dungeon Siege 2
35029,NHL 2004
34803,Neverwinter Nights: Shadows of Undrentide
33703,Superfrog
32192,Virtua Fighter PC
31901,Blair Witch Project: Episode 1 - Rustin Parr
31282,Monster Truck Madness 2
28559,Dragon Age: Inquisition
28537,N+
28462,Pac-Man C.E.
28444,Nike+ Kinect Training
26174,Pro Evolution Soccer 2010
25000,Top Spin 2
23748,"Pokémon Sun, Moon"
23738,Ratatouille
21418,Age of Booty
21285,HeXen: Beyond Heretic
20988,The Cat and the Coup
20102,Chicken Invaders 2
19478,Cradle
19447,MDK2 HD
18272,Magicka
17798,Ascension to the Throne
16757,1000 Amps
16433,Sinking Island
15805,Frozen Synapse 2
15048,Hidden in Plain Sight
13245,Queen's Quest 2: Stories of Forgotten Past
12748,Lobotomy Corporation | Monster Management Simulation
10720,Day of Infamy
10090,Beholder
9941,"Peace, Death!"
9721,Garry's Mod
8199,Tasty Blue
5993,Dungeon Warfare
5922,Traffic Rider
5688,The Saboteur
5674,Test Drive Unlimited 2
5550,Driver San Francisco
4013,Call of Juarez: Gunslinger
3976,Warriors Orochi
3592,Mega Man X5
3338,The Last of Us: Left Behind Stand Alone
3028,Beyond: Two Souls
2103,Snakebird
1615,Knightmare Tower
876,Legend of Grimrock
345,Death Road to Canada
210,MARVEL Future Fight
72,MLB The Show 17
978865,Nobody Wants to Die
892427,Bayonetta Origins: Cereza and the Lost Demon
840783,Honkai Star Rail
840777,Moving Out 2
818054,Metal Gear Solid: VR Missions (DLC)
721077,Souldiers
690708,Moncage
677165,Ghostrunner 2
650644,Harry Potter and the Sorcerer's Stone (PS1)
618663,Party Animals
614952,Terra Nil
579642,Cats in Time
513456,Taming.io
479671,Post Void
428012,There Is No Game: Jam Edition 2015
397479,Axiom Verge 2
369158,The Dark Pictures Anthology: Little Hope
334412,Kingdom Hearts 3D: Dream Drop Distance HD
327224,Kingdom Hearts III: Re Mind
311734,Metal Slug 5
306124,Borderlands Game of the Year Enhanced
304191,Cyber Shadow
297207,Stellaris: Console Edition
74038,Homescapes
59340,Not Tonight
58999,Mega Man X Legacy Collection 2
58952,Life is Strange 2
58386,S.T.A.L.K.E.R. 2: Heart of Chornobyl
58172,Spacewar!
57121,NHL 98
54255,Ecco the Dolphin (1992)
54234,The Amazing Spider-Man vs. The Kingpin
53668,Adventures of Lolo (1989)
52217,Defender's Quest: Valley of the Forgotten DX
51333,Yoshi's Crafted World
50753,Bud Spencer & Terence Hill - Slaps And Beans
49950,Reigns: Her Majesty
44265,Cat Quest
42435,Battlefield 4: Naval Strike
40395,The Sims Medieval
39038,Silent Hill: Origins
37839,RIP 3: The Last Hero
36576,Rise & Fall: Civilizations at War
36188,Братья Пилоты. Олимпиада
34867,"Hobbit, The (2003)"
30465,The Simpsons Arcade Game
30289,Outlaws
30269,FIFA 2000
29231,Tropico 6
29053,MagnaCarta 2
24630,Tenchu: Shadow Assassins
23419,F1 2017
22983,Alien Nations
22957,SiN Gold
22632,Forza Horizon 3 Hot Wheels
21925,Hot Shots Golf (2017)
21217,Kingpin — Life of Crime
20421,Momodora III
20000,PAC-MAN Championship Edition DX+
19596,Heroes of Annihilated Empires
18701,Supreme Commander
17788,Sherlock Holmes versus Jack the Ripper
17470,"Please, Don’t Touch Anything"
16629,TSIOQUE
12907,TrackMania² Canyon
12606,Resident Evil 7 / Biohazard 7 Teaser: Beginning Hour
11869,Nancy Drew: Danger by Design
11052,Titan Quest Anniversary Edition
10449,Darksiders II Deathinitive Edition
10281,Besiege
10112,RPG Maker MV
9644,Planet Coaster
8189,Hungry Shark Evolution
7527,Detective Grimoire
7290,Braveland Pirate
5603,NARUTO: Ultimate Ninja Storm
5590,MotorStorm: Pacific Rift
4970,Earthworm Jim HD
4923,Prototype
4719,Farm Frenzy
4493,Tom Clancy's Splinter Cell Double Agent
3915,DEAD OR ALIVE 5 ULTIMATE
3802,Double Dragon
3226,Prototype 2
2858,Costume Quest 2
1820,Worms W.M.D
1808,Door Kickers
1571,FINAL FANTASY
1515,Panzer Corps
1241,ClusterTruck
617,Wild Guns Reloaded
211,Injustice: Gods Among Us
35,The Elder Scrolls Online: Morrowind
988673,"Warhammer 40,000: Space Marine 2"
972167,An Arcade Full of Cats
966034,Chillquarium
907390,二次元老婆生成器
861281,Ship of Fools
769489,ABRISS - build to destroy
743770,My Boss is a Futanari
718199,Fears to Fathom - Norwood Hitchhike
616754,Life is Strange Remastered Collection
541282,Luck be a Landlord
491607,HUMANKIND - OpenDev
490877,Wordle
487915,Super Mario Bros. 35
485104,My Exercise
455583,Jump Rope Challenge
444384,Nexomon: Extinction
428237,TaleSpire
419937,Fights in Tight Spaces
391397,Grounded
387343,Dusk Diver
387329,Eldest Souls
387233,LAYTON’S MYSTERY JOURNEY™: Katrielle and the Millionaires’ Conspiracy - Deluxe Edition
381300,PUBG Mobile for PC
364015,PictoQuest
292505,[NSFW 18+] Sissy Trainer
290009,Naruto Shippuden Ultimate Ninja Storm Trilogy
258325,Clock Tower 3
251853,Gakuen de Jikan yo Tomare
246477,Fire Emblem: Shadow Dragon and the Blade of Light
236714,Beat Hazard 2
61855,Mother Simulator
61323,Bus Simulator 18
61315,IOSoccer
60871,Tick Tock: A Tale for Two
57401,Kirby's Dream Course (1994)
54756,Star Wars: Demolition
54692,Mortal Kombat Gold
54615,Blue Stinger
54322,Space Ace (1984)
53188,ChuChu Rocket!
52538,Ice Hockey (1981)
47444,Google Spotlight Stories: Pearl
45662,SENRAN KAGURA Peach Beach Splash
43209,Euro Truck Simulator 2 - Scandinavia
42336,Grand Theft Auto Online
42044,Heroes of the Storm
40433,Virtua Tennis 4
39955,Borderlands: Zombie Island of Dr. Ned
39663,Football Manager 2010
35961,Hearts of Iron II
33735,Indiana Jones and the Last Crusade: The Action Game
32986,Indiana Jones and the Infernal Machine
31235,The Need for Speed
30038,Commander Keen 6: Aliens Ate My Baby Sitter!
30009,SimFarm
29125,Final Fight: DblImpact
28958,Wolfenstein
28501,DEAD OR ALIVE 4
28443,MS.PAC-MAN
26514,Def Jam Rapstar
25064,Call of Duty 3
25025,Mario vs. Donkey Kong 2: March of the Minis
22873,Gangsters: Organized Crime
22833,Time Commando
22682,Celtic Kings: Rage of War
19503,Unreal Tournament 3 Black
19272,BADLAND: Game of the Year Edition
18886,Overlord II
17676,Doom 3: BFG Edition
16754,Gunman Clive 2
16738,Delta Force 2
15349,The Last Door - Collector's Edition
14936,The Typing of The Dead: Overkill
14873,Phantasy Star II
13861,UnderRail
12729,LEGO Star Wars III - The Clone Wars
11738,Macbat 64
11497,Nancy Drew: The Captive Curse
11460,Astroneer
11276,Call of Duty: Modern Warfare 3
11129,8-Bit Hordes
10792,DRAGON QUEST HEROES II
10678,Kindergarten
10494,Romance of the Three Kingdoms XIII
10304,Castle of Illusion
9588,Ultimate General: Civil War
9515,We Were Here
7176,Shaun the Sheep - Home Sheep Home 2
5383,Worms
5120,RIDGE RACER (2012)
4744,Prince of Persia (2008)
4578,The Treasures Of Montezuma
4267,F1 2012
3854,Dynasty Warriors 7
3724,Pure Chess
3191,Mad Max
1900,Spectromancer
1822,F1 2016
1019,LEGO Harry Potter Collection
949,Cut the Rope
159,Real Racing 2
121,Street Fighter IV
917740,Your Only Move Is HUSTLE
898351,Banishers: Ghosts of New Eden
836443,SpongeBob SquarePants: The Cosmic Shake
743461,The Imperial Gatekeeper
627562,Sun Haven
608567,Force of Nature 2: Ghost Keeper
571708,Pascal's Wager: Definitive Edition
556752,CPS TEST | Clicks Per Second
499306,Chasing Static
484501,Kingdom Hearts: Melody of Memory
474894,The Simpsons Simpvill V0.41
452619,Destiny 2: Beyond Light
401818,LEGO Builder’s Journey
388309,Diablo IV
386511,Gordian Quest
366865,Orcs Must Die! 3
364870,Heavenly Bodies
324995,Gylt
316886,Electrician Simulator
316862,Cricket 19
308239,AFK Arena
301539,ISLANDERS
301509,QWOP
277945,Jet Lancer
268446,Barotrauma
264828,Blazing Chrome
255294,WORLD OF FINAL FANTASY MAXIMA
242708,Nintendo Entertainment System - Nintendo Switch Online
62209,Headliner: NoviNews
60833,Gibbous - A Cthulhu Adventure
58606,"Pokémon: Let's Go, Pikachu! and Eevee!"
57774,Skullmonkeys
57172,Shining in the Darkness (1991)
56033,Dragon Ball Z: Budokai
55938,Teenage Mutant Ninja Turtles: Fall of the Foot Clan
52984,Gauntlet Legends
52903,Ehrgeiz
52444,Space Invaders (1978)
48620,Dream League Soccer
46092,Tales from Candlekeep: Tomb of Annihilation
41568,Perspective
41457,Endless Space
40201,Pro Evolution Soccer 2011
38642,Wizard101
37709,The Settlers: Rise of an Empire
37688,В тылу врага: Диверсанты 2
36815,"SpongeBob SquarePants: Lights, Camera, Pants!"
34909,Asterix & Obelix
32846,Command & Conquer: Renegade
32672,Star Wars: Shadows of the Empire
31894,The Thing
31690,Tom Clancy's Rainbow Six: Rogue Spear
30037,Commander Keen 5: The Armageddon Machine
29467,Command & Conquer: Red Alert - The Aftermath
29218,Minit
28363,UFC Undisputed 3
28307,Virtua Fighter 5
28226,Blue Dragon
28074,Car Mechanic Simulator 2018
27939,"Pokémon Ultra Sun, Ultra Moon"
27155,Kingdom Hearts 3D: Dream Drop Distance
26784,Dreamworks' Puss In Boots
25429,Pro Evolution Soccer 2008
25153,Mortal Kombat: Armageddon
24584,ClayFighter
24358,Pokémon Ranger: Guardian Signs
22870,Legacy of Kain: Blood Omen 2
22105,The Fall Part 2: Unbound
19576,The Blackwell Legacy
16434,Evil Genius
16294,Tom Clancy's Rainbow Six Vegas 2
16262,Commandos 3: Destination Berlin
15037,Redneck Rampage
12741,Empire: Total War
11214,Northgard
10397,Rivals of Aether
9882,Don't Starve Together
7885,Happy Wheels
5431,Ratchet & Clank Future: Quest for Booty
5264,NCAA Football 10
3759,Castlevania: Lords of Shadow 2
2592,DuckTales: Remastered
2434,VVVVVV
2219,Geometry Wars 3: Dimensions Evolved
620,FINAL FANTASY III (3D REMAKE)
607,Shantae: Half-Genie Hero
911543,Amnesia: The Bunker
850702,Pacific Drive
720949,Turbo Overkill
608717,Olympic Games Tokyo 2020 – The Official Video Game
485195,eFootball PES 2021
469008,STORY OF SEASONS: Friends of Mineral Town
418471,Hidden Through Time
398409,Weird West
395176,Marvel's Spider-Man - The Heist
378625,Call of Duty: Mobile
323065,Call of Duty: Modern Warfare (2019)
321276,TheoTown
308060,Very Little Nightmares
251598,Project Warlock
241040,Mercenaries: Playground of Destruction
74114,Deus Ex GO
60771,My Brother Rabbit
57725,Ridge Racer (1995)
56899,Yie Ar Kung-Fu (1985)
54174,After Burner
53863,Hogan's Alley (1984)
53798,Double Dragon III: The Sacred Stones (1991)
53549,Sonic Battle
52567,Popeye
52394,Asteroids (1979)
51079,Exo One
50824,A Raven Monologue
49800,Prehistorik
45693,Another Lost Phone: Laura's Story
41659,Football Manager 2013
40618,Burnout
39558,Bakugan: Battle Brawlers
38091,FIFA 08
36646,SpellForce 2: Shadow Wars
35590,White Day: A Labyrinth Named School
34781,Medal of Honor Allied Assault: Breakthrough
32902,Star Trek: Voyager - Elite Force
32656,Heretic 2
30655,James Bond 007: NightFire
29972,Destruction Derby 2
29371,"Batman Returns (Amiga, Atari)"
29324,Dream Daddy: A Dad Dating Simulator
27935,Pokkén Tournament DX
26035,Phantasy Star
25217,MySims
23759,Fire Emblem Fates: Conquest
23063,Quake III: Gold
22846,Thief 3: Deadly Shadows
22262,Nancy Drew: The Final Scene
22082,SPACEPLAN
18699,SpellForce - Platinum Edition
16937,Sherlock Holmes and The Hound of The Baskervilles
16543,LEGO Batman
16437,Still Life
15857,STAR WARS Empire at War - Gold Pack
15079,Blackwell Convergence
14698,Broken Sword 3 - The Sleeping Dragon
11748,The Next BIG Thing
10878,Iconoclasts
10378,Dungeon Lords
10373,Genital Jousting
9753,Rising Storm 2: VIETNAM
9438,Golf It!
5570,Folklore
5411,Castlevania Chronicles
5304,Battlefield 1943
4502,Darksiders
4012,Resident Evil Revelations
3953,Hot Shots Golf: World Invitational
3459,The Order: 1886
3268,The Vanishing of Ethan Carter
3001,Twisted Metal: Black
2588,Evoland
1220,Viking Squad
998846,Grand Theft Auto V Enhanced
981998,Arctic Eggs
977261,"Please, Touch The Artwork 2"
968360,Cities: Skylines II
966332,Princess Peach: Showtime!
963612,Cats Hidden in Paris
926681,Missing Hiker
916470,Choice of Life: Middle Ages 2
857654,Outcore: Desktop Adventure
852720,Tactics Ogre: Reborn
840854,PAC-MAN WORLD Re-PAC
815120,Teenage Mutant Ninja Turtles: The Cowabunga Collection
813596,REFLEXIA Prototype ver.
782340,Dome Keeper
709179,The Witcher Goodies Collection
643181,Tears of Themis
638799,Fuga: Melodies of Steel
638706,Growing Up
616676,Mario + Rabbids Sparks of Hope
608549,Victoria 3
607397,Summer of '58
576516,Atelier Sophie: The Alchemist of the Mysterious Book DX
576475,Summer with Mia Season 1
571689,Dread Templar
570135,Blind Drive
569275,B-Side Remixes (Friday Night Funkin' mod)
559123,Minit Fun Racer
505710,Sara's School Life
494485,Batbarian: Testament of the Primordials
484976,Hidden Deep
473489,The Vanishing of Ethan Carter Redux
428360,Receiver 2
428139,Love wish
427942,Family Mysteries: Poisonous Promises
409749,Gacha Life RUS - Русский язык игры
407546,Adorable Home
406950,The Elder Scrolls Online: Greymoor
396863,Battlefield 4: Dragon's Teeth
388956,SuperEpic: The Entertainment War
388947,MOLEK-SYNTEZ
385533,MLB The Show 20
371844,Assault Spy
331813,Dragon Quest 7
327214,Just Dance 2020
320363,Xenosaga Episode II: Jenseits von Gut und Bose
313727,Tales of Legendia
295001,Batman: The Telltale Series
281865,Naruto: Ultimate Ninja Heroes
269354,Cell to Singularity - Evolution Never Ends
258358,Overdungeon
255825,Sakuna: Of Rice and Ruin
241046,Monster Hunter
238783,Merchant
67520,Episode - Choose Your Story
63749,Koral
59175,.hack//Infection Part 1
59128,EyeToy: Play
57600,Mega Man Legends 2 (2000)
57187,Spot Goes To Hollywood
57168,Scooby-Doo Mystery
57101,Mega Man: The Wily Wars
57088,Light Crusader (1995)
56161,P.N.03
55836,Kid Dracula
55014,F-19 Stealth Fighter
54072,StarTropics (1990)
53910,The Legend of Kage (1986)
53833,Gauntlet II
53328,Hot Wheels: Stunt Track Challenge (GBA)
52967,Front Mission: The First (1995)
52669,Apocalypse
52659,Alien: Resurrection
52398,Berzerk
52210,Ancestors Legacy
50085,Umineko: Golden Fantasia
49523,Ittle Dew 2+
49417,Wytchwood
45518,Silicon Zeroes
44622,The Office Quest
44210,The Initial
42908,Aperture Tag: The Paint Gun Testing Initiative
42567,Watch Dogs: Bad Blood
42211,Metro: Last Light - Faction Pack
42052,Mass Effect 3: Retaliation
41462,FIFA 13
41378,Mount & Blade: Warband - Napoleonic Wars
40158,Saw 2: Flesh and Blood
39267,SOCOM: U.S. Navy SEALs Confrontation
39106,Shaiya
38591,Majesty 2: The Fantasy Kingdom Sim
38460,The Sims 2: Kitchen & Bath Interior Design Stuff
38073,Zoo Tycoon 2: Extinct Animals
37937,Полный привод: УАЗ 4x4. Уральский призыв
36716,Evil Dead: Regeneration
36649,Fate (2005)
34764,Colin McRae Rally 3
34291,Hugo
33667,ESPN Extreme Games
30867,NHL 2000
30298,Croc 2
29859,Soldier of Fortune 2: Double Helix
29081,2006 FIFA World Cup
28469,Street Fighter II' HF
27043,Pilotwings Resort
27021,Mario Party 8
26835,The Oregon Trail
26616,1942
25693,Dragon Ball: Origins
25282,The Simpsons Game
25053,Rampage: Total Destruction
24932,Over the Hedge
24813,Orcs & Elves
24420,WarioWare: D.I.Y.
23870,Wario: Master of Disguise
23776,Project X Zone 2
23129,Medal of Honor: Pacific Assault
23032,"Warhammer 40,000: Chaos Gate"
22916,Overlord + Raising Hell
22872,Urban Chaos
22721,I.G.I. 2: Covert Strike
22168,Voodoo Vince: Remastered
21848,CATS: Crash Arena Turbo Stars (C.A.T.S.)
21609,Ankh 2: Heart of Osiris
20511,TrackMania Nations Forever
19509,Men of War
19374,Ghost Master
18394,1 Moment Of Time: Silentville
13778,Civilization IV: Beyond the Sword
13307,In Verbis Virtus
13305,Assassin’s Creed III
11943,Nancy Drew: Secret of the Old Clock
11934,Counter-Strike: Source
11228,SpeedRunners
11158,Ultimate Fishing
9824,Skullgirls
9600,The Forest
7712,Zoo Tycoon
6339,Hollywood Monsters
5876,Chameleon Run
5665,Stranglehold
5624,Mega Man Powered Up
5583,Hitman: Absolution
5223,Prince of Persia: Revelations
4888,DeathSpank: Thongs Of Virtue
4717,Arcana Heart 3
3790,Outlast
3737,Cabela's Big Game Hunter Pro Hunts
3244,Lost Dimension
3240,BlazBlue: Chrono Phantasma EXTEND
3044,Deadpool
2851,Unmechanical
1612,Super Hexagon
1197,Trials Frontier
1023,The Simpsons: Tapped Out
1012,Destroy All Humans!
956,Just Dance 2017
840,DRAGON QUEST BUILDERS
671,Tap Titans
564,DEATHSMILES
489,Table Top Racing
378,Semispheres
294,Cosmic Express
164,CHAOS CODE -NEW SIGN OF CATASTROPHE
993875,Marvel Rivals
662312,Destiny 2: The Witch Queen
649076,PowerSlave Exhumed
492294,Cloud Gardens
455579,Operation: Tango
430320,KeyWe
427870,Hero of the Kingdom: The Lost Tales 1
395179,Marvel's Spider-Man: The City that Never Sleeps
381445,The Choice of Life: Middle Ages
331319,WWE SmackDown! vs. Raw 2007
324199,Quake II RTX
286581,Vigil: The Longest Night
264734,Dragon Ball Z: Budokai Tenkaichi
257194,Blacksad: Under the Skin
254562,"The Haunted Island, a Frog Detective Game"
61549,中国式家长 / Chinese Parents
58754,Tom Clancy’s The Division 2
57986,Wipeout (1995)
57908,Tomb Raider II
57302,Battletoads in Battlemaniacs
56964,Castle of Illusion Starring Mickey Mouse (1990)
56008,Conflict: Desert Storm
54874,Pokémon Pinball
53209,Crash Bandicoot: The Huge Adventure
52936,Final Fantasy (1987)
52933,Fighting Force 2
52870,Digimon World 2
51687,Two Point Hospital
49158,Night of the Full Moon
48983,Misao: Definitive Edition
45381,Mirror
39293,Naruto Shippuden: Ultimate Ninja 4
36759,True Crime: New York City
36367,Stubbs the Zombie in Rebel Without a Pulse
35763,True Crime: Streets of LA
27887,Fast RMX
25482,Wii Fit
23764,Hyrule Warriors
22696,Alien Shooter + Expansions
22162,Moonlighter
21954,WWE Smackdown vs. RAW 2009
18003,Gone Home
17414,Accounting
16704,A Bird Story
16503,Narcissu 1st & 2nd
16139,Noitu Love 2: Devolution
14142,Blitzkrieg 2 Anthology
11563,SPORE Galactic Adventures
10443,Mosaic
8444,Halo 5: Guardians
7310,Doodle Jump
5656,Skylanders Giants
5650,Sengoku Basara: Samurai Heroes
4497,Final Fantasy Origins
4385,Need for Speed: The Run
4179,Darksiders II
3494,Thomas Was Alone
2145,Marvel: Ultimate Alliance 2
933,The Sexy Brutale
983201,Sid Meier’s Civilization VII
962269,Nova Lands
879565,Wuchang: Fallen Feathers
840788,The Finals
686816,Endling - Extinction is Forever
647625,Car Mechanic Simulator 2021
586054,OlliOlli World
582678,FNF Sarvente's mid fight / Ruv TEST
569250,"Friday Night Funkin' (Ninjamuffin99, mikeyfridaynightfunkin)"
554708,Song of Farca
540023,Press Any Button
487910,Immortals: Fenyx Rising
484835,Cute Honey
471032,The Outer Worlds: Peril on Gorgon
456863,HELLCARD
409581,Dragon Age: Inquisition - Dragonslayer
397106,Mario's Super Picross
396865,Battlefield 4: Second Assault
389395,No Players Online
362618,Dragon Ball Z: Infinite World
359798,inbento
339193,space eater force
327258,Dragon Ball Z: Kakarot
327203,Chivalry 2
326292,Fall Guys: Ultimate Knockout
320365,Assassin's Creed Origins - The Hidden Ones
316910,Tools Up!
297212,The Adventures of Tintin: The Game
276032,Brawl Stars
251454,The Bugs Bunny Crazy Castle
65303,Unbound: Worlds Apart
65205,Death Crown
62076,LUNA The Shadow Dust
59058,Half-Life: Decay
58921,Mutant Year Zero: Road to Eden
58125,Honkai Impact 3rd
57849,Test Drive 5
57269,X-Men
57078,Kid Chameleon (1992)
56264,Pro Evolution Soccer
56199,Sonic Gems Collection
55515,King's Quest VI
54934,Xena: Warrior Princess
53211,Crash Bandicoot 2: N-Tranced
53202,TwinBee
53104,Lunar: Eternal Blue
52662,Alone in the Dark 2
52496,BurgerTime (1982)
51551,Stygian: Reign of the Old Ones
51327,Mega Man 11
51128,Hero of the Kingdom III
47961,Trivia Crack
45417,Shape of the World
44425,Crashday Redline Edition
41340,Battlefield 3: Close Quarters
40887,Pro Evolution Soccer 2012
39481,Guitar Hero: Van Halen
36775,Universe at War: Earth Assault
36577,The Matrix: Path of Neo
36477,Keepsake
36316,SpellForce: The Shadow of the Phoenix
36303,Lemony Snicket's A Series of Unfortunate Events
35950,Garfield
35307,Shade: Wrath of Angels
30656,Cool Spot
29781,Command & Conquer: The Covert Operations
29387,Croc: Legend of the Gobbos
28838,PES2008
28631,Fable III
28435,Forza Horizon 2 Presents Fast & Furious
27192,ZombiU
27159,New Super Mario Bros. 2
25470,BOOM BLOX
25287,Ben 10: Protector of the Earth
23670,SAMURAI SHODOWN V SPECIAL
23082,Pillars of Eternity: The White March - Part II
20926,Star Trek: 25th Anniversary
19495,Perimeter
19165,The Original Strife: Veteran Edition
15855,STAR WARS: Rogue Squadron 3D
15687,"Dr. Langeskov, The Tiger, and The Terribly Cursed Emerald: A Whirlwind Heist"
15630,Brief Karate Foolish
15406,Hand of Fate 2
15323,Foxhole
14920,Black Closet
14516,One Night Stand
13589,Little King's Story
12320,Prison Architect
12280,Tomb Raider IV: The Last Revelation
11253,Shrouded in Sanity
11025,Totally Accurate Battle Simulator
10842,ShellShock Live
9858,Wayward
9552,rFactor 2
7467,The Big Journey
7407,Saints Row IV: Re-Elected
6218,Cut the Rope: Time Travel
5692,TimeShift
5635,Monsters vs. Aliens
4462,Lumines Electronic Symphony
3463,RESOGUN
3403,DEAD OR ALIVE 5 Last Round
3325,Octodad: Dadliest Catch
3074,Turbo Dismount
1990,Groove Coaster
1757,Reigns
1178,1001 Spikes
1055,You Must Build A Boat
977219,Another Crab's Treasure
758571,The Planet Crafter
695800,Song of Nunu: A League of Legends Story
685021,FATAL FRAME: Maiden of Black Water Digital Deluxe Edition
614967,Two Point Campus
605541,Despot's Game
530503,South of the Circle
499264,Age of Empires III: Definitive Edition
451523,"Batman: Arkham Origins - Cold, Cold Heart"
428066,Coromon
413719,Animal Revolt Battle Simulator
403032,Pokémon Mystery Dungeon: Rescue Team DX
379486,Going Under
368994,Mega Man Zero/ZX Legacy Collection
314402,missed messages.
290928,The Tenants
290085,Ring of Pain
263608,Void Bastards
261296,One Step From Eden
258386,Red Matter
62238,THE LONGING
58194,MARVEL Strike Force
57577,X-Men: Mutant Apocalypse
57285,ActRaiser (1990)
56259,Wario World
55271,F-1 Race
54303,Samurai Shodown
53138,Pong (1972)
52563,Pitfall! (1982)
52512,Donkey Kong
52418,Dig Dug (1982)
45936,Industries of Titan
44764,Knowledge is Power
39144,Spore: Galactic Adventures
35670,Crazy Taxi 3
31589,Gods
30261,Aliens Versus Predator
28215,Puzzle Fighter HD
27230,Castlevania: Lords of Shadow - Mirror of Fate
23585,Far Cry 5
23313,The Vagrant
23156,Army Men RTS
22158,Kingdoms and Castles
22041,Halo Wars: Definitive Edition
21742,Mashed: Drive to Survive
19542,Half-Life: Blue Shift
19295,A Vampyre Story
18304,Men of War: Assault Squad
17818,Overlord: Raising Hell
15198,King's Bounty: Warriors of the North
13199,Graveyard Keeper
10859,39 Days to Mars
10537,RUINER
10020,Arizona Sunshine
9964,Battle Chasers: Nightwar
9663,Stationeers
9501,Microsoft Flight Simulator X
6319,FINAL FANTASY IV: THE AFTER YEARS
4329,BloodRayne 2
4098,Sly Cooper: Thieves in Time
4077,Darkstalkers Resurrection
3853,Trine 2: Complete Story
3601,inFAMOUS: First Light
3294,LEGO Jurassic World
3143,Saint Seiya Soldiers' Soul
2074,UNO
1713,OlliOlli
1628,Hitman GO
943,Farming Simulator 17
56,The Inner World
989447,Echo Point Nova
976006,Metro Awakening
971687,Football Manager 2024
968838,巫兎 - KANNAGI USAGI
962986,South of Midnight
961590,We Love Katamari REROLL+ Royal Reverie
961051,Honkai: Star Rail
938150,Looking Up I See Only A Ceiling
934451,Become a Rock Star
934079,The Outer Worlds: Spacer's Choice Edition
866399,Resident Evil Village - Winters’ Expansion
844428,Motherless - Season 1
836596,Fall of Porcupine
831832,Incredibox
826886,The House of Da Vinci 3
799274,Layers of Fear (2023)
741502,FINAL FANTASY I Pixel Remaster
699114,Archvale
685039,Ziggurat 2
674194,Big Brain Academy: Brain vs. Brain
670684,Fallout 1.5: Resurrection
650622,Blasphemous: Wounds of Eventide
614960,They Always Run
581137,Across the Obelisk
580974,Entropy: Zero
579580,ROUNDS
558982,Miitopia
535665,No Place Like Home
535589,Zup! Z
522976,Trine 4: Melody of Mystery
517303,Sam & Max Save The World - Remastered
484986,Futa Fix Dick Dine and Dash
484498,Just Dance 2021
471029,"Warhammer 40,000: Darktide"
449164,Townscaper
428874,Diplomacy is Not an Option
428820,LEWDAPOCALYPSE
428398,Midnight Ride
428046,SLAPSHOT Rebound
426096,Saints Row: The Third Remastered
422860,NieR Re[in]carnation
422202,A Summer's End - Hong Kong 1986
419298,Gears of War 3: RAAM's Shadow
397498,Sengoku Rance
395178,Marvel's Spider-Man - Silver Lining
395167,Life is Strange - Episode 1: Chrysalis
380881,Cockwork Industries Complete
371830,Assassin's Creed Rebel Collection
366883,Everspace 2
365094,State of Survival
359108,Star Ocean: Till the End of Time
357105,Sakura Wars
351787,Budget Cuts 2: Mission Insolvency
333509,Fate/hollow ataraxia
330634,Borderlands 2 Ultimate Vault Hunter Upgrade Pack 2: Digistruct Peak Challenge
330381,Новые Бременские
322382,Dry Drowning
316819,Forza Motorsport (2005)
301507,Monster Hunter Freedom
284658,Robocop 2
282825,Pokémon Sword and Shield
277906,Dog's Life
262389,Cloudpunk
231092,Grow Castle
164826,sonic.exe
80361,The Sims 2: Life Stories
62414,Endless Fables 3: Dark Moor
61780,Viviette
61699,"Honey, I Joined a Cult"
59207,Resident Evil Outbreak
59041,Semblance
58455,Space Funeral
57999,X-Men: Children of the Atom (1995)
57744,SAIYUKI: Journey West
57743,SaGa Frontier 2
57618,"Monsters, Inc. Scream Team"
57185,Splatterhouse 2 (1992)
57058,Greendog: The Beached Surfer Dude!
57037,Flicky (1991)
56958,Cadash
55588,Police Quest III: The Kindred
54596,Super Pac-Man
54372,ClayFighter 63⅓
54362,Bomberman Hero (1998)
54055,Soccer (1985)
54015,Renegade (1986)
53924,M.U.S.C.L.E.: Tag Team Match
53876,Super Off Road
53515,Scooby-Doo! Mystery Mayhem
53415,Mega Man Zero 4
53062,Jumping Flash! (1995)
53060,Jet Moto 2 (1997)
53023,Hugo: The Evil Mirror
52852,Darkstalkers: The Night Warriors
52654,The Adventures of Lomax
51125,Plutocracy
50950,The Last Guardian VR Demo
50026,Lineage 2: Revolution
46222,Duck Season
45590,Shooty Fruity
43575,PayDay 2: The Goat Simulator Heist
43545,The Climb
42857,Dead Island 2
42207,Battlefield 4: China Rising
41956,Resident Evil 5: Lost in Nightmares
41632,Trine 2: Goblin Menace
41262,Naruto: Ultimate Ninja
40540,Super Street Fighter 4 Arcade Edition
40519,X-Men Arcade
40411,Borderlands: Claptrap's New Robot Revolution
38948,Spore: Creepy & Cute Parts Pack
36486,Tank-O-Box
36458,Revenge of the Chicken
32843,Chicken Run
32646,SkyNet
32292,Operation Flashpoint: Red Hammer
32208,Battlezone (1998)
32139,Fur Fighters
31501,Montezuma's Revenge
31017,The Italian Job
30134,Little Fighter 2
30095,Submarine Titans
29030,PGR 4
28529,Dance Central 3
28210,TRANSFORMERS: Dark of the Moon
27904,Graceful Explosion Machine
27191,Trine 2: Director's Cut
27068,Game & Watch Gallery
26914,WWE '13
26568,Raving Rabbids Travel in Time
26393,Disney Club Penguin: Elite Penguin Force: Herbert's Revenge
25711,Shaun White Snowboarding
25017,Mario Hoops 3-on-3
24919,Mario Bros.
24773,Real Bout Fatal Fury 2: The Newcomers
24769,Ninja Gaiden: Dragon Sword
23668,DEEP SPACE WAIFU
23501,Underhero
22805,Rayman Forever
22588,Nancy Drew: Message in a Haunted Mansion
22224,Kio's Adventure
22107,Griptape Backbone
21416,Alien Shooter 2: Reloaded
20761,Plug & Play
19492,The Charnel House Trilogy
19058,Harvester
18614,Half-Life: Source
17545,Assassin’s Creed Rogue
17127,Torchlight
16410,Curse: The Eye of Isis
15850,STAR WARS Galactic Battlegrounds Saga
15677,True Fear: Forsaken Souls
15665,Master of Orion 1
15405,Ratz Instagib
15109,Shuffle!
15000,Impossible Quest
14845,Krita Gemini
14829,Turok: Dinosaur Hunter
14756,Angels of Death
14755,The Samaritan Paradox
14704,The Station
13999,Penumbra Overture
12481,Emergency 2017
11922,Nancy Drew: Secrets Can Kill REMASTERED
11833,Memoranda
11504,Nancy Drew: The Deadly Device
10580,Railway Empire
10393,Gothic 3
10005,SEUM: Speedrunners from Hell
8629,Geometry Dash Meltdown
7613,Rare Replay
6498,Bloons TD 4
4481,NARUTO SHIPPUDEN: UN Impact
4237,Spy Hunter (2012)
4223,The Darkness II
3708,DYNASTY WARRIORS 7: Xtreme Legends
3671,Don Bradman Cricket 14
3585,WALL-E: The Video Game
3573,Persona 4 Arena Ultimax
3233,J-STARS Victory VS+
3186,Tearaway Unfolded
2318,Cursed Treasure 2
2304,Fallen London
2224,Blek
2093,No Man's Sky
1545,Hand of Fate
1347,Pro Evolution Soccer 2017
896,LUXOR
968499,House Flipper 2
968012,Kona II: Brume
967069,Pizza Possum
966329,Mario vs. Donkey Kong
708999,Grand Theft Auto: Vice City – The Definitive Edition
674195,LumbearJack
670703,Forgive Me Father
602224,V Rising
554705,Potion Craft: Alchemist Simulator
541258,Tennis for Two
537742,The Last Stand: Aftermath
536891,Phoenotopia: Awakening
502238,Syberia: The World Before - Prologue
491239,Kingdoms Reborn
448980,Princess Calamity (Giantess)
440083,Call of the Sea
437041,STRIDE
427946,No one lives under the lighthouse
396869,Battlefield 1: Turning Tides
395975,Final Fantasy Anniversary Edition
392502,Spring Falls
376908,Disney Classic Games: Aladdin and the Lion King
374544,The Slormancer
997334,Keep Driving
52927,FIFA: Road to World Cup 98
914782,Horny Recruiter